title,score,num_comments,created_utc,upvote_ratio
Twitter just started revealing country of origin exposing a number of political influencers as foreign agents. How would you feel about reddit doing something similar?,12081,1062,1763879981.0,0.97
What are the most hilarious revelations after Twitter started showing country of origin?,1357,251,1763914309.0,0.96
"Doctors, dentists etc. of Reddit, when you go in for your own  doctor/ dentist appointment, what is it like? Do you treat it like a group project, do you give your own theories, do you argue with them?",1279,248,1763904090.0,0.97
What's the creepiest Ask Reddit thread you have come across?,4205,1101,1763878677.0,0.94
"People who got a happy ending massage, how did you feel afterwards?",294,202,1763928787.0,0.81
"You are now permanently stuck inside the universe of the last TV show you watched. Where are you, and how screwed are you?",814,3439,1763901049.0,0.94
People born before/around 1990: Often it’s asked what things you think people born after then are worse off without. What’s something you’re GLAD young adults and kids today will never have to experience or understand?,6663,3731,1763859825.0,0.94
What acronyms can act both as horrible and harmless?,230,523,1763923148.0,0.96
What REALLY makes a guy attractive?,1278,1311,1763886324.0,0.89
"How would you feel about Askreddit banning ""How Do You Feel"" posts about politics and current events?",314,173,1763909025.0,0.8
How do you differentiate between hot and beautiful?,257,164,1763903730.0,0.87
What do women need to do in order for a guy to interpret it as flirting?,530,878,1763888658.0,0.85
What is the best TV show theme of all time?,348,1415,1763891916.0,0.94
"If you were alive back then, what were you up to on 31st December 1999?",4376,11774,1763841743.0,0.94
"People born before 1990, what’s something you experienced that younger generations will NEVER understand ?",6040,9399,1763834806.0,0.92
What song instantly teleports you back to your childhood the moment you hear the first few seconds?,86,253,1763916094.0,0.96
What current thing will turn out to be a major health risk?,2559,1916,1763848808.0,0.95
What's one movie death that still makes you cry?,86,330,1763914019.0,0.91
What scared you shitless when you were a child?,60,235,1763917322.0,0.97
"People who ended a loving, otherwise great, relationship because you wanted kids and they didn’t. How did it end for you?",39,28,1763926522.0,0.88
What's something you've seen on reddit that's never left your mind?,35,70,1763928551.0,0.96
What’s a song that you never want to hear again?,31,129,1763930220.0,0.93
who was your biggest celebrity crush during your teenage years?,35,185,1763924533.0,0.92
What's a good example of when 2 heads aren't better than 1?,56,86,1763914833.0,0.92
What type of people can you not stand?,79,470,1763904916.0,0.88
What’s a moment where you realized reality is way stranger than fiction?,107,88,1763896867.0,0.93
What is the most reliable vehicle that you've ever owned?,760,3037,1763857211.0,0.95
What’s the origin story of your username?,374,1420,1763868514.0,0.92
"If social media platforms started requiring users to verify their country of origin on political posts, would you support it? Why or why not?",71,64,1763899172.0,0.8
What’s the difference between missing someone vs missing how they made you feel?,31,25,1763911858.0,0.86
Which celebrity death genuinely made you sad?,320,2533,1763868567.0,0.77
"During an interview, what is the best possible reply to ""WHY SHOULD WE HIRE YOU?",2917,349,1763825582.0,0.96
What will you never do again?,21,107,1763921016.0,0.86
We are now 5 years after COVID/Shelter in Place.  How do you do social-life differently now than you did prior to COVID?,204,346,1763876429.0,0.79
What keeps you going when life gets really tough?,23,78,1763918799.0,0.97
How old were you when you had your first kiss ?,376,1144,1763862325.0,0.94
In your opinion what has been the best movie of 2025 so far?,726,1034,1763849517.0,0.93
How do you guys deal with attachment? How do you stop wanting someone?,12,36,1763928879.0,0.93
Who was your first crush/love?,17,65,1763922060.0,0.96
What is something you are?,15,63,1763924499.0,1.0
[Serious] What's a love/relationship tragedy not involving death or cheating?,44,93,1763904117.0,0.9
"If you could send a 30-second message to all of humanity, what would you say and why?",33,85,1763905300.0,0.86
"Anonymous online sex workers of Reddit, if someone you knew IRL found out about your work how would you want them to deal with that? Would you want to know?",972,188,1763840197.0,0.86
"If you could snap your fingers and master one hobby, what would you choose?",16,77,1763919798.0,1.0
Who are the people hurt you the most? what happened?,17,46,1763918914.0,0.83
What’s the most out of pocket shit you’ve ever seen someone do?,1500,784,1763830104.0,0.91
"If you could choose one superpower, what would it be and why?",10,25,1763925610.0,0.86
"People who woke up during surgery, what did you feel?",10,29,1763930954.0,1.0
"If you could have a one-hour conversation with your 15-year-old self, what single piece of advice would you give, and why?",15,42,1763919442.0,0.8
What is the hardest substance you’ve ever taken and how was the experience?,859,1106,1763839017.0,0.94
Who said the most epic last words before dying?,9,55,1763929794.0,0.91
A greek god/goddess will give you a demigod level blessing and watch your career. Who would you like it to be?,13,36,1763921516.0,0.84
"Men of Reddit, when was the last time you cried, and why?",9,17,1763928209.0,0.85
What is something you feel is unacceptable that is still being done today?,7,36,1763930776.0,0.82
"If you’re single, what’s the best part of being single right now?",211,364,1763862110.0,0.94
what's your favorite country?,17,118,1763911234.0,0.78
What’s one thing your profession has taught you that everyone else could benefit from?,6,29,1763926201.0,0.88
What country is great for living in but not for tourism?,12,37,1763914783.0,0.84
"If you could change the world with no limits, what would you do?",6,11,1763928324.0,1.0
"Former incels, when did you realize you were going down the wrong path?",13,38,1763919507.0,0.72
What is your favorite dinosaur?,11,50,1763914213.0,0.8
What’s the strangest reason you stopped talking to someone?,8,37,1763920396.0,1.0
When was the last time you said “I love you” and really meant it?,6,41,1763928955.0,1.0
"If you could choose, how many kids would you want and why?",4,20,1763932733.0,0.83
What is something you hate the most?,5,35,1763928017.0,1.0
What do you dislike most about yourself?,7,83,1763921398.0,0.77
"What can you still not forgive your parents for, and why?",4,18,1763927927.0,0.7
"What’s the job people romanticize, but in reality is miserable?",4264,3214,1763796778.0,0.95
"If you find out tomorrow you will die, you only have 24 hours left, what will you do in those last 24 hours of your life?",7,43,1763918323.0,0.78
What is something that still confuses you on how they even work?,5,13,1763931582.0,1.0
What's your favorite Anime?,5,34,1763931531.0,0.86
"what was your dream job as a child, what is your dream job now, and what’s your current job?",5,16,1763931462.0,1.0
What's the scariest music video ever made?,134,198,1763863085.0,0.91
How can we prevent another Cambridge Analytica?,4,10,1763931104.0,0.83
What totally ruined your friendship with a person?,4,22,1763930623.0,1.0
what were the most creepiest thing happend to you?,11,29,1763912635.0,0.92
"When the only guarantees in life are death and uncertainty, how do you tap into motivation or find a sense of grounding?",14,41,1763906028.0,0.8
How do you live a life worth living?,4,16,1763928412.0,0.75
What is your most embarrassing accidental orgasm story?,307,396,1763843316.0,0.68
Why did you join reddit?,13,83,1763904995.0,0.78
"if you wanted to find local expenditures info non-FOIA, where would you go? can you find salary info?",5,0,1763927949.0,0.86
When is it alright to be very loud?,4,14,1763927460.0,1.0
What movie makes you cry no matter how many times you’ve watched it (not “Up” it makes everyone cry)?,7,29,1763916343.0,0.88
What’s a TV show that everyone loves but you secretly can’t stand?,730,3089,1763825509.0,0.84
What fictional children would you want to be a parent of?,6,12,1763919181.0,1.0
what has been the best series of 2025 so far?,6,21,1763922605.0,1.0
What do you collect?,3,25,1763926835.0,0.81
what's your least fave domesticated animal(pet) and why?,4,16,1763926528.0,0.84
What’s the one thing you’ve seen that you can’t explain?,4,0,1763926427.0,0.84
How hard is it to be an adult?,4,24,1763926326.0,0.84
What is your biggest fear regarding medical procedures?,3,16,1763931872.0,1.0
What's the craziest thing a patient has said to you as a paramedic?,3,4,1763931812.0,1.0
What book is actually worse than the movie/tv version?,6,20,1763926107.0,1.0
What is a weird reason why you ended your friendship?,3,8,1763931666.0,1.0
What is the worst advice you've ever received ?,4,22,1763925762.0,0.83
"Is AI more likely to take over technical fields like science, engineering and technology, or creative fields like music, animating and painting? Why do you think so?",3,7,1763925730.0,0.81
What is your most cringe-worthy moment?,5,18,1763917678.0,0.78
What was the scariest thing you have seen in the woods at nigh?,9,33,1763907545.0,0.75
Do you know anyone with a healthy marriage? What does their relationship look like?,3,11,1763930710.0,0.71
What do you think about calling Customer Service &amp; having the call routed to another country?,3,6,1763930696.0,0.8
"If you could resurrect one person from history into modern times, who would it be?",3,18,1763930541.0,0.8
What knowledge might save your life one day ?,5,14,1763924783.0,1.0
What's the worst first date you've ever been on and what happened?,6,30,1763920342.0,1.0
What’s the dumbest shit you have ever done ?,3,14,1763930109.0,1.0
What’s your comfort tv show / cartoon as a kid?,11,43,1763902980.0,0.84
If you could retrieve one thing you lost before; what would it be and why?,3,4,1763929995.0,1.0
"What TV show, movie, or book did you initially hate but ended up loving after giving it a second chance?",5,20,1763919954.0,0.86
"To those who remember YouTube before it was bought by Google, what once popular video have most people forgotten about?",15,86,1763898425.0,0.74
What’s the Most interesting pick up line you’ve heard?,77,145,1763866905.0,0.89
"People who have beaten chronic pain, what's the one insight that actually helped you heal?",3,20,1763929567.0,1.0
Whats on your wishlist for Christmas ?,5,14,1763923872.0,0.86
"What, right now, is your biggest fear/worry about the future?",3,18,1763929282.0,1.0
What's a question that you don't need answered in your life?,23,48,1763890979.0,0.9
How do you know if you are attractive or not?,1240,661,1763811089.0,0.93
What did you want to be when you were young?,4,47,1763923059.0,1.0
What are actual problems technology should have solved way before it started making crappy AI art?,3,7,1763928629.0,1.0
Your city has to be renamed. What is its new name and why?,4,8,1763922669.0,0.76
What happened to the smartest person of your highschool? Whats he/she upto now?,3,26,1763928047.0,1.0
What does happiness mean to you now?,6,31,1763911387.0,0.76
How do you do your mashed potatoes?,3,26,1763927925.0,0.67
"What’s that one job people don’t respect, but pays well?",3,14,1763927900.0,1.0
When was the last time you were truly happy?,4,18,1763917573.0,0.84
What’s you’re absolute favorite food?,6,27,1763917361.0,0.8
When was last time you cried?,3,24,1763926875.0,0.72
What was your worst bad timing movement?,3,0,1763926646.0,1.0
What is a childhood memory that makes you smile every time you think about it?,12,43,1763896408.0,0.88
What is something you absolutely should not compliment?,3,15,1763926122.0,1.0
What’s a memory that feels like it came from a different lifetime?,3,4,1763925921.0,1.0
What is your strongest memory from your childhood?,2,1,1763933423.0,1.0
What is the worst Thanksgiving dinner you’ve ever had?,5,26,1763915456.0,0.78
What are some movies that flopped do you feel would've probably been successful in any other time?,2,0,1763933257.0,1.0
What did you buy with your first paycheck?,2,12,1763933237.0,1.0
What Feature Do You Wish Came Standard on Something?,4,10,1763925254.0,0.84
At what age did you write your will? Or what event prompted you to do it ?,3,10,1763925215.0,0.81
"In your opinion, what's some of the funniest cases of ""double meaning"" in a language?",4,8,1763925209.0,0.84
"If you won a gold medal in the Olympics for anything at all, what would it be for?",3,8,1763933119.0,1.0
What do you like about your mom?,2,4,1763933077.0,1.0
Who is the most insufferable person you’ve met and what did they do/say to make it so you can’t stand them?,2,2,1763932854.0,1.0
What do you do when you find yourself overthinking at night?,2,8,1763932846.0,1.0
"If Reddit also allowed you to see the country of origin for each account, which subs would you expect to have the most foreign influence?",4,7,1763919221.0,0.83
Finding purpose after Undergrad. What would you have done if you did a gap year?,3,2,1763924739.0,0.81
"On a scale from 0 to 10, how would you rate your eating habits?",13,35,1763899339.0,1.0
What was one of the weirdest dreams you remember from childhood?,2,10,1763932553.0,0.75
What would be your death row meal?,2,17,1763924550.0,0.6
What’s a joke you have made up by yourself?,2,1,1763932473.0,0.75
"Redditors who grew up with a very present parent and step-parent from a young age, what was it like? Was there any rivalry?",2,2,1763932238.0,1.0
"If you could ask your future self one question, what would you ask?",10,37,1763900675.0,0.92
how's life going ?? are you happy ?,3,29,1763924201.0,0.8
What comedic actors had the biggest influence on your sense of humor?,3,31,1763924142.0,0.72
"What’s the craziest “I’m so rich that money is negligible” habit you’ve ever done, seen or heard about?",6,19,1763910532.0,0.81
What’s the weirdest thing you thought was totally normal until later in life?,3,3,1763931804.0,1.0
"If you were to describe your life using a song lyric, what would it be?",2,3,1763931744.0,1.0
"Before internet, what did desk job workers do to take a 5-10 minute break?",2,14,1763931584.0,0.67
Which tv show do you think is better? The Wire or The Shield…and why?,2,4,1763931439.0,0.75
"How do you deal with people that say ""I know"" all the time?",4,4,1763931397.0,1.0
What film or show's main message gets missed by its fanbase?,2,2,1763931297.0,1.0
"If you could go back to the nineties for a weekend without consequences, what would you do?",2,2,1763931288.0,1.0
"People of reddit, what is the most bizarre thing you've ever eaten?",2,18,1763931214.0,0.75
"People who went through a serious grief, How did it exactly feel physically?",2,5,1763931201.0,1.0
Did someone ever flirt with you and you didn’t know until it was too late? What happened?,2,4,1763931142.0,1.0
Who's the best Cavalry Commander in history?,2,2,1763930921.0,0.75
How did you prepare to move out from home?,5,11,1763917311.0,1.0
"People who are in their 40’s and 50’s with no children, how does it feel?",5533,4762,1763777460.0,0.9
If you were to learn any new language which one would you choose and why ?,3,24,1763917281.0,0.81
What are some unwritten rules at the gym?,3,11,1763922865.0,0.72
How much do you pay for rent and how do you feel about that?,2,2,1763930664.0,1.0
What’s something you don’t tell people because you don’t think they’d believe you?,2,5,1763930645.0,1.0
"People born before 1990, whats the best advice you can give GenZs?",2,6,1763930597.0,0.75
How do you deal with or support a girlfriend who is prone to spiraling emotionally?,4,17,1763917048.0,1.0
"What fucked you up so much, that you don't even know how to talk about it?",710,635,1763815734.0,0.93
When did a plan of yours completely backfire on you?,2,4,1763930413.0,1.0
"What’s everyone’s favorite hobby, and why?",8,43,1763903314.0,0.83
What are you pet peeves?,7,36,1763908869.0,0.77
What temperature do you heat your house to in winter and what is your monthly heating bill?,2,4,1763930315.0,1.0
What is your biggest regret?,10,38,1763900777.0,1.0
What lesson has this week taught you?,2,7,1763929976.0,1.0
What movie title describes your sex life?,82,433,1763857721.0,0.71
"People who write smut, what's the most awkward interactions you've had?",2,1,1763929765.0,1.0
What mattress do you use in your bed?,3,13,1763921746.0,1.0
What’s one small habit that completely changed your life for the better?,6,36,1763911736.0,0.87
What’s the weirdest rumor someone has ever spread about you?,9,29,1763898058.0,0.86
What is the difference between your friendships with people of the same gender and those of the opposite gender?,2,9,1763921487.0,0.67
What's the one superhero ability you wish you had in real life?,21,62,1763883411.0,0.92
What’s the greatest game you remember playing at recess growing up?,2,26,1763929363.0,1.0
"People who were teenagers in the 80's-00's, what are things that you used that teenagers today still use?",2,10,1763929137.0,1.0
Any girls that has been single for 5+ years and why?,2,4,1763928871.0,0.67
What's something you tried once and instantly realised it wasn't for you?,4,34,1763920805.0,0.83
What’s the biggest lie you’ve ever heard from a car salesman?,2,12,1763928518.0,1.0
How can you tell if someone loves you?,31,55,1763873059.0,0.89
People in skilled blue collar trade careers: what is your job and do you enjoy what you do?,2,0,1763928411.0,1.0
What's something you think should be made free for everyone?,2,18,1763928408.0,1.0
Do you watch things or play things more? Why?,2,5,1763928394.0,1.0
What’s a Christmas memory that completely changed how you see your family or yourself?,3,9,1763920110.0,0.81
How did you meet your spouse?,2,10,1763927936.0,0.75
What are the signs of confidence?,2,1,1763927879.0,1.0
What is your most favourite meme?,5,3,1763914300.0,1.0
Have you ever been forced to say sorry to someone for something you did not do? What is your story?,2,5,1763927785.0,1.0
What is the craziest NSFW dream you ever had?,32,63,1763872237.0,0.72
"If your mind were a place, what would it look like ?",3,13,1763919629.0,1.0
What's something you do only when no one is watching and would never confess to in person?,2,12,1763913988.0,0.67
What was the biggest scandal in your hometown?,4,16,1763909587.0,0.75
"Surgical Staff of Reddit, What do patients do or forget to do pre surgery that bothers you the most?",2,0,1763927485.0,1.0
Who are your top 3 favorite rappers of all time?,8,58,1763902999.0,0.78
People who sleep naked why?,7248,5033,1763771078.0,0.86
What is the weirdest thing that happened to you?,2,4,1763927457.0,1.0
"Fat people, when you started losing fat, what was something you started noticing on your body?",6,33,1763909336.0,0.8
What do you do to calm down? And does it work?,3,21,1763919148.0,0.8
"Which hobbies require small money, but are 100% addictive?",6,22,1763905489.0,0.88
Which profession or industry is the most crooked?,91,337,1763852075.0,0.84
Do you really consider yourself to be a strong person and what makes you think that if yes or no?,5,29,1763913262.0,1.0
What is your most niche hobby?,2,8,1763926804.0,1.0
What is your least favorite tv/movie trope?,2,11,1763926783.0,1.0
What is something that someone else knows more about yourself than you?,4,11,1763913210.0,1.0
What’s your most embarrassing story?,2,4,1763926599.0,1.0
What are some well done YouTube fan films worth watching?,6,8,1763908662.0,1.0
"If you were given the chance to live somewhere, which country would you choose?",5,16,1763912931.0,0.86
"If AI replaced Congress tomorrow, how would America run differently?",2,22,1763926395.0,1.0
What advice would you give to your 25-year-old self?,3,6,1763926308.0,0.72
what’s your most freaky experience?,2,4,1763926249.0,0.76
What's the thing you really want to say outloud?,3,11,1763918219.0,1.0
what snacks do you like to get at the gas station?,3,7,1763926034.0,1.0
What’s something you’re looking forward to?,4,11,1763912464.0,0.84
Someone is about to commit something insane. How would you talk them out of it?,2,10,1763926003.0,1.0
"What is something that sounds like a compliment but is actually an insult, or vice versa, that you've heard in real life?",2,8,1763925739.0,0.76
What is easy to feel but difficult to explain?,17,68,1763883812.0,0.96
What is something you feel holds back society as a whole?,3,17,1763917655.0,0.8
What’s the most harmless lie you consistently tell ?,6,38,1763901075.0,0.75
Which movie had the biggest impact on you as a person ?,3,6,1763917587.0,1.0
What's the best thing that happened with you this year?,2,0,1763925468.0,0.76
What's your favorite donut flavor?,13,29,1763888835.0,0.94
"If humans suddenly stopped needing sleep forever, what’s the first unexpected problem the world would face?",2,15,1763925365.0,0.76
"We've got one life to live, the key is how to live it in happiness?",3,5,1763917438.0,0.8
What’s the worst thing you’ve ever done to someone else?,8,19,1763900727.0,1.0
How do you escape the desire to doomscroll?,2,6,1763925141.0,0.67
"If you could record your dreams and watch them back, which dream would you want to see?",3,3,1763925040.0,0.81
Who’s the most famous person you’ve ever met?,3,15,1763924962.0,0.81
what music artist/s changed your perspective on music ?,3,2,1763924962.0,0.81
What is your favorite movie franchise ?,4,6,1763911376.0,1.0
What is the worst thing you did as a kid/teen?,3,3,1763916897.0,1.0
What's the most WTF food combo that's normal where you're from but sounds like a crime elsewhere?,2,17,1763924746.0,0.76
"Why has there been such a rise in political content in so much subs that are not inherently political over the past few years i.e. videos, pics, askreddit, etc?",3,11,1763924701.0,0.62
What's the most useless talent or skill you've perfected that you are genuinely proud of?,45,191,1763865119.0,0.88
"People in your 30s, what advice would you give your 15 year old self?",391,1321,1763821704.0,0.91
"What's the Reddiquette for adding context after ~20 responses: add as a comment, add an edit in the body with/without informing commenters, or delete and create new post?",2,3,1763924460.0,1.0
What is the novelty that impressed you the most today?,5,8,1763910873.0,1.0
What’s the earliest tiny act of kindness from your childhood that still lives in your mind?,3,11,1763916438.0,1.0
Who has an unexpected arrest story (especially when totally innocent)?,2,2,1763924344.0,0.76
What are some basic skills everyone needs to have before getting a job?,5,23,1763910753.0,0.86
People that experienced the start of gaming consoles how was it like?,38,107,1763867075.0,0.9
"Redditors who lived in the Soviet Union in the 1980s, what was life like?",2,2,1763916154.0,0.67
What is the best post of reddit of all time?,4,29,1763910177.0,0.67
What was the biggest lie you were ever told?,2,17,1763923617.0,0.75
Which is the best movie of all time?,6,35,1763898986.0,0.75
What the heck is this karma thing ?,2,6,1763923438.0,0.75
What’s the most underrated simple pleasure in life?,7,41,1763898871.0,0.9
What's your favorite holiday tradition?,2,8,1763923268.0,1.0
"What’s the biggest hint you were to oblivious to pick up on, but later realised what had happened?",2,13,1763923181.0,0.75
What’s something people in your country do every day that would be considered insane or shocking in most other countries?,2,8,1763923126.0,1.0
Women of reddit what makes you comfortable around a guy in a blind date and want a relationship with him? Except looks?,2,4,1763923125.0,0.75
What do you tell yourself repeatedly?,2,28,1763923053.0,1.0
What's one cancelled game you wish you could play?,3,12,1763915071.0,1.0
What video game is the modern equivalent of chess?,2,13,1763915070.0,0.63
"Truckers of Reddit, which city (U.S.) REALLY has the worst drivers?",3983,2123,1763775255.0,0.93
whats a mystery from the past that you’d love to see solved right in front of you?,3,11,1763914991.0,1.0
What do you fear?,6,22,1763904849.0,1.0
"In a job interview, what is the best way to answer the question: Where do you see yourself in five years?",5,13,1763904825.0,0.86
"If you could make a game about a completely mundane real-life job, what would it be?",2,10,1763922718.0,1.0
What cartoon 'bad guy' was the scariest as a child?,3,13,1763914688.0,1.0
What was your first impression of reddit?,2,16,1763922523.0,0.75
What is the title of those people who refuse to cooperate with police when they are pulled over? The ones who refuse to show or id or are like “I don’t need a drivers license to operate a vehicle” ones?,2,13,1763922468.0,0.75
What's your favorite breakfast?,5,15,1763908901.0,1.0
"Which phone do you own, and would you recommend it?",2,7,1763922357.0,1.0
If you could only use one seasoning forever (except for salt &amp; pepper) what would it be?,5,49,1763904416.0,0.78
What are you not willing to try?,308,790,1763823771.0,0.95
What’s your favourite color?,3,32,1763908471.0,0.81
What concept do you have of Argentines?,3,13,1763914055.0,1.0
What would you want to do if you got a million dollars?,3,39,1763914046.0,0.67
How do you define whether someone is smart or not?,2,14,1763921963.0,0.75
What’s a moment where you realized you had zero control over life?,28,38,1763871801.0,0.97
"Window cleaners, whats the craziest / weirdest thing you’ve ever seen?",2,4,1763921892.0,1.0
What's something you thought was obvious about you but no one actually knew it?,3,5,1763908324.0,0.81
What’s a song that immediately makes you cringe?,4,37,1763913891.0,0.75
What is your favorite Thanksgiving dish?,3,5,1763913803.0,1.0
What was your favourite cartoon show during your childhood?,4,4,1763908156.0,1.0
"What movie scene pops up into your head when you listen the song ""I will survive""?",5,9,1763903788.0,1.0
"If your pet suddenly gained the ability to talk , what do you think it would immediately roast you for ?",6,8,1763903667.0,0.88
What makes you smile?,8,40,1763894343.0,0.91
"What’s your honest, no-BS theory about the bigger Epstein story — the files, the coverups, the connections, all of it?",1,14,1763921262.0,0.55
What's the coolest thing that happened to you today?,2,6,1763921215.0,1.0
What’s a hobby you keep secret because people might think it’s weird?,3,13,1763913226.0,1.0
What artist hasn't been canceled (yet) but you still don't partake of their work because of reasons other than your taste in art?,2,14,1763921112.0,0.75
What is the biggest internet rabbithole you ever visited?,5,14,1763907559.0,0.86
"If you met the genie of the lamp, what would your three wishes be?",2,22,1763921047.0,0.76
Which city has the best and most affordable quality of life?,2,2,1763921001.0,1.0
Where do you go to find underreported news stories (i.e. Chinese fishing off South America)?,2,1,1763920991.0,1.0
Do you wear sneakers without socks and if so why?,3,15,1763913038.0,1.0
What’s the weirdest compliment a stranger ever gave you?,5,32,1763899491.0,0.86
Who do you look up to? And why?,2,3,1763920685.0,0.75
What are ways to tell people where you work without telling them?,4,10,1763907121.0,1.0
"What’s the strangest moment you’ve ever had that made you stop and think, ‘This can’t be real life, might be a glitch in the Matrix’?",2,2,1763920596.0,1.0
How old were you and what do you remember about the 1992 LA riots?,2,6,1763920568.0,0.75
What’s something you didn’t realize was expensive until you moved out?,2,11,1763920515.0,1.0
"If Congress passed the 'AI Tax Act', (which would require corporations and health services who use AI to pay a Universal healthcare tax), what formula would you use to determine the rate?",2,4,1763920492.0,1.0
When was the first time in your life you truly realized that you had to pay tons of money every month just to live?,2,7,1763920351.0,1.0
What’s the best thing to bring to thanksgiving?,4,14,1763920317.0,0.84
"When is it ok to lie? A white lie, a lie to spare someone's feelings?",2,5,1763920310.0,0.67
"People whose parents stayed together when they should be divorced, how do you cope?",17,14,1763878426.0,0.95
"For those over 30, how did you form a best friend or very close friendship later in life?",2,0,1763920223.0,0.75
What lotions provide you the best bang for your buck and are of quality?,2,5,1763920153.0,0.76
What Reddit post of yours are you proud of?,4,11,1763902218.0,0.84
What is something mild that turns you off during sex?,3,29,1763920072.0,0.71
What small thing today made your day a little better?,2,16,1763920051.0,1.0
What’s the best way to get over an ex?,0,1,1763933493.0,0.5
What’s the smallest habit that surprisingly made your life better?,2,23,1763919933.0,1.0
What’s one moment from the pandemic that you’ll never forget?,1,3,1763933479.0,1.0
What’s something too cheap for it’s function?,1,1,1763933459.0,1.0
"What did you think was mandatory in life, only to later realize you could just… not do it?",1,1,1763933454.0,1.0
For people who have experienced homelessness: what are your personal stories (if comfortable sharing) and are there any community organizations that have helped you?,2,2,1763919896.0,1.0
What's the best financial advice you've ever received that had nothing to do with saving or investing?,1,2,1763933435.0,1.0
What's the worst second hand embarrassment you ever got?,3,6,1763911946.0,1.0
Best Bank Ever and why ?,1,0,1763933406.0,1.0
What is one piece of 'common knowledge' in your job that the average person would find completely shocking?,1,1,1763933356.0,1.0
"Your world is collapsing, the chickens have come home to roost, you are on the run. What's in your ""go bag""?",1,1,1763933355.0,1.0
What are your thoughts with regard to selective empathy?,0,2,1763933281.0,0.5
What is the one thing stopping you from signing up with a Personal Trainer?,1,6,1763933231.0,1.0
Hi Reddit! What are some tell-tale signs to look out for if you think you’re living with an undercover profiler for the police?,0,2,1763933212.0,0.5
How old were you when you met your partner?,1,3,1763933207.0,1.0
"What are some textures that don't hurt, but make you squirm a little bit when you feel it?",1,2,1763933175.0,1.0
What is your most valued prized possession of 2025?,5,18,1763901709.0,0.86
How do you think zoos could become more ethical?,1,9,1763933113.0,1.0
What’s a compliment you’ve been given that you’ll always remember?,1,3,1763933112.0,1.0
What other factors could stop you from dating someone you’re attracted to and get along well with?,1,5,1763933102.0,1.0
"If you could teleport to any place, where would you go?",6,12,1763901621.0,0.87
"Addicts of reddit, what made you finally go sober?",2,13,1763919519.0,0.76
what a non-sexual thing guys do that makes the ladies swoon?,0,12,1763933033.0,0.33
What is something ultra stupid your spouse did that just floored you?,1,1,1763933008.0,1.0
What one thing you want to enjoy more starting today?,3,10,1763911526.0,1.0
"Anime watchers of reddit, what do you think is the best anime of 2025 so far?",0,3,1763932979.0,0.5
What's something you think you wished for in your previous life that was granted with this life?,1,5,1763932947.0,1.0
How do u relax ?,2,10,1763919368.0,1.0
What's the most wholesome or helpful thing a stranger has ever done for you? Something you think about frequently?,1,1,1763932874.0,1.0
What's the weirdest coincidence you've ever experienced?,1,2,1763932840.0,1.0
What is the one thing you fear the most ?,2,17,1763919239.0,1.0
What’s the creepiest thing you’ve seen on Reddit?,5,17,1763901323.0,1.0
What’s something you only notice when it’s missing?,3,11,1763911301.0,0.81
What are the best TV series and the best movie you've seen this year?,0,3,1763932770.0,0.5
what are signs of a untrustworthy person?,1,5,1763932765.0,1.0
What were some instances that made you feel your dog/pet could understand what you were saying?,3,4,1763919188.0,1.0
"Redditors, what are some of your craziest stories?",3,0,1763911259.0,1.0
How is fortnite so bad now?,0,10,1763932723.0,0.33
How do women deal with the lumbar lordosis that is needed for today's mating scene?,0,1,1763932710.0,0.4
What’s something you need right now but can’t afford?,7,40,1763894662.0,1.0
"For those who were around then, what were you doing the exact moment when the first plane hit the twin towers on 911?",0,3,1763932681.0,0.5
"If you were to be reincarnated as a plant or animal, what is your top choice and why?",1,8,1763932663.0,1.0
What is something that was very common when you were younger but is not in use much now or is just doesn't exist now?,2,11,1763919099.0,0.76
Whats one super common thing that everyone does that just instantly annoys you for no reason?,1,1,1763932645.0,1.0
What kind of pain are you in right now?,6,39,1763901129.0,1.0
what's a tv show/film you have watched just because a certain Actor/Actress was in it ?,1,0,1763932579.0,0.99
How can one work on their charisma/aura?,4,10,1763901101.0,0.84
"From someone born with medical conditions, what is it like to be healthy?",3,5,1763911080.0,1.0
"women, what is the worst thing a man has ever done to them?",0,3,1763932516.0,0.5
What’s the most suspicious thing a car mechanic has ever told you that you pretended to understand?,0,3,1763932505.0,0.5
What is the saddest piece of media on the internet?,2,7,1763918957.0,0.67
What’s the best advice you can give to anyone?,3,27,1763905303.0,0.81
What is one item that you can’t live without?,0,4,1763932322.0,0.5
What’s your biggest secret?,3,12,1763905224.0,0.81
"What are good ways to make extra money during workdays, sitting behind a computer?",5,5,1763900800.0,0.86
What book changed your life?,3,2,1763910641.0,0.81
"Would people do better investments if they only got paid their annual salary at the end of each year, what’s your take?",0,8,1763932081.0,0.5
is it better to speak or to die and why do you think this?,0,0,1763932062.0,0.33
What dream do you vivedly remember from childhood?,0,2,1763932057.0,0.5
"People who married their high school sweetheart, how did it actually turn out?",1,3,1763932023.0,1.0
What’s the most evil thing you’ve ever done that nobody knows about?,0,3,1763931956.0,0.5
"Truckers from all around the world, what do you do when you are in the middle of driving and get the sudden urge to jack it off?",0,3,1763931956.0,0.5
"People who tuck their ears underneath baseball caps, why?",0,2,1763931856.0,0.5
"Does firms not optimize their games, is it because they don't need to if the gpu can handle it already or what do you think?",0,4,1763931805.0,0.5
What us the closest thing we have to GAIA ai in real life?,1,1,1763931803.0,0.67
Women why don't you like to decide what you want to eat?,1,7,1763931711.0,0.57
what are your best theorys about stranger things season 5?,1,6,1763931471.0,0.66
Are you a fan of Hunger Games edits or do you see them too much? What do you think?,2,8,1763917922.0,1.0
"What are you a ""nerd"" of?",3,23,1763909952.0,0.8
What makes you pick a favorite team/sportsman that isn’t from your home country?,2,1,1763931421.0,1.0
What’s the most embarrassing wedgie you’ve ever gotten?,1,2,1763931421.0,0.6
How was your reddit feed 10 years back? Do you miss that?,2,4,1763917810.0,1.0
"If you could wake up tomorrow and have a superpower that you picked, which one would it be?",2,10,1763917765.0,0.75
Whats the worst thing your teen has done?,1,2,1763931245.0,1.0
What harsh lesson/s have you learned that made you decided to give up the past version of yourself?,1,0,1763931151.0,1.0
What do you love most about yourself?,13,55,1763880946.0,1.0
What things should be discussed before coming to terms with marriage?,1,6,1763931066.0,1.0
What is the best christmas gift you have ever gotten?,1,5,1763930978.0,1.0
How do you deal with loneliness?,6,60,1763895824.0,0.88
What is a childhood memory that makes you be bit pensive and sad every time you think about it?,0,3,1763930836.0,0.5
"Who is the most depraved, messed up person you can think of? Why?",1,6,1763930833.0,1.0
What's the one thing you don't think you could ever get tired of?,3,15,1763909351.0,1.0
"You have an island the size of a small room, what would you do with it?",3,7,1763909318.0,1.0
How do you listen to music?,3,12,1763909297.0,0.8
What event in your life do you not consider canon?,0,6,1763930740.0,0.5
What’s something that easily kills your vibe?,4,21,1763903642.0,1.0
What makes a girl super attractive (when seeing her first time) ?,2,26,1763917172.0,0.63
What's the most impactful advice you ever received from someone who wasn't trying to give advice?,0,1,1763930683.0,0.5
What songs did you like after hearing a cover version (including instrumental covers) before the original?,2,4,1763917132.0,1.0
What are the benefits of being single?,1,13,1763930668.0,0.67
What’s a product you consistently reorder from Amazon?,1,5,1763930665.0,1.0
"If you were to choose an instrument to practice for 30 days, what instrument would you play and why?",2,2,1763930643.0,1.0
What do you like about the video game fallout?,1,5,1763930637.0,1.0
What does your ideal weekend look like?,1,5,1763930636.0,1.0
What are some pros and cons of legalizing prostitution?,2,59,1763917080.0,1.0
"What instance of unfair dismissal, involving you or a colleague, have you encountered at work?",1,0,1763930602.0,1.0
What's the last breakfast food you've had?,1,6,1763930597.0,1.0
"If you had to lose one of your five senses, which one would you choose to live without and why?",1,4,1763930592.0,1.0
What’s the best thing that happened to you in 2025?,2,7,1763917036.0,1.0
What did you have for dinner?,1,3,1763930580.0,1.0
"For the love of god, how do you make a boiled egg that is easy to peel?",0,4,1763930576.0,0.5
What's your favourite meal in the morning?,4,20,1763903483.0,0.83
"What's a hobby you used to do, and often miss doing?",2,13,1763917023.0,0.75
"If you were given a book at birth that contained the entire story of your life, would you read it and if so why?",1,2,1763930521.0,1.0
How exhausted are you right now?,47,171,1763855690.0,0.89
What’s on your Christmas wishlist this year?,1,4,1763930512.0,1.0
What is the weirdest fact you know?,1,3,1763930480.0,1.0
What are top 3 all time video games?,1,15,1763930463.0,0.6
What are some of the best Non-english animated family films to watch?,3,3,1763908914.0,1.0
"When eating an English breakfast, what do you leave for the end as the final bite?",1,9,1763930339.0,0.6
What’s the strangest thing you’ve seen someone put on the top of a Christmas tree?,1,2,1763930304.0,1.0
What do you think is the most important quality in a man?,2,31,1763916731.0,1.0
What is the best question to ask on a first date?,9,40,1763885268.0,0.92
What puts a smile on your face when you’re having a bad day?,1,16,1763930193.0,1.0
What's your favorite TV show?,2,13,1763916574.0,1.0
What's a word you mispronounced for years and only realised recently?,4,18,1763908634.0,0.83
What was that moment YOU were truly a good friend to someone else?,3,4,1763908521.0,1.0
Why are you addicted to your phone?,3,15,1763908396.0,1.0
What is your creepiest coworker story?,1,1,1763929748.0,1.0
"People who cut-off ties with your friends or best friends, what made you to do so?",5,27,1763898229.0,1.0
what’s the worst smell you can’t stand that makes you wanna throw up?,5,33,1763902554.0,0.86
What do yall keep your thermostats set to in the winter? And why?,2,11,1763916017.0,1.0
Isaac Newton gets sent to the future and lands in today. What do you think would surprise him the most about the future?,2,8,1763916007.0,1.0
Do you use dating apps if so how is it?,3,15,1763908018.0,1.0
What are some unwritten rules on Reddit for new users?,6,24,1763898017.0,0.71
So what happens after the spark dies in a relationship?,2,11,1763915799.0,1.0
"How has what you find attractive physically in a person changed in your 20s vs 30s, 40s and 50s etc?",185,207,1763827261.0,0.92
What are you highly judgemental about?,4,31,1763902018.0,0.84
What’s the pettiest reason you refused to date someone?,0,21,1763929080.0,0.5
What challenges are you facing today and how can we help?,1,9,1763929066.0,0.67
What instantly gives away a person who has never been truly loved?,1,13,1763929036.0,0.6
"millennials, what do you think about technology today?",1,7,1763929032.0,0.67
What was your breakthrough experience?,6,2,1763901896.0,1.0
"If you could say one thing to your boss and not get fired, what would you say?",2,10,1763915441.0,0.76
What is the creepiest post history you ever seen from an online account?,3,1,1763907512.0,1.0
What’s the most harmless thing you were scared of as a kid?,3,8,1763907497.0,1.0
what do you do when theres nothing to do and you're bored?,1,7,1763928951.0,1.0
What’s the greatest thing you’ve seen a person do?,1,3,1763928878.0,0.67
What do we discover about the “self” when we reach self-realization?,2,2,1763915313.0,1.0
What are some best ways to spice up sexual lives for monotonous couples?,2,12,1763915285.0,0.63
What are some subtle signs that shows someone likes you?,3,7,1763907350.0,1.0
"Detectives of reddit, what’s your perspective on the changes of technology (just started watching The Wire)? What impact, neg or pos,  has it had? How have the new laws surrounding tech affected how it’s been used?",1,0,1763928819.0,1.0
What’s your go-to meal to cook when you can’t think of anything else?,3,11,1763907317.0,1.0
"Your pet that went missing years ago suddenly appears at your door. You freeze for a second, scream, hug it, and then realize… it’s judging you for all the snacks you didn’t share. What’s your reaction?",0,0,1763928755.0,0.4
"People who moved out at 18, what’s something you wish you knew before living on your own?",1,14,1763928574.0,1.0
"Boomers and Gen X'ers, do you remember the first time you ever used the internet? If so, what did you look up?",1,9,1763928503.0,1.0
What was your character development that you are proud of?,5,14,1763901380.0,1.0
What is a superpower that you would like to see more of in movies/series?,3,5,1763906933.0,1.0
Who do you want to give everything?,2,3,1763914728.0,1.0
What red flag did you ignore because you were too involved?,2,6,1763914690.0,1.0
What's the most useless superpower you can think of ?,4,14,1763901098.0,1.0
"How does actual philosophy show up in your everyday life? Not New-Age stuff, but real philosophy?",1,3,1763928184.0,0.67
What year you think you should've been born?,6,14,1763896709.0,0.71
"Teachers, whatd your opinions about young people of the new generation?",1,4,1763928128.0,0.67
"If marijuana was high in calories, how would that change the world and how might it have changed your life, would your life have gone in a different direction?",1,16,1763928107.0,0.56
For people who were single/didn't date in your 20s but met the one in your 30s how did it happen?,0,2,1763927989.0,0.5
"How is it to pursue a career in something u have no particular interest in and u really don't have an interest in anything ,on the suggestion of your parents?",4,9,1763900677.0,1.0
What do you like on Thanksgiving?,1,7,1763927754.0,1.0
What are you currently procrastinating on?,2,18,1763914181.0,0.76
What do you think happens after life?,1,47,1763927631.0,0.53
What year would you have stopped culture and technology from progressing?,1,0,1763927471.0,1.0
What would you do with a Tesla bot?,5,19,1763896013.0,0.86
What is the most attractive person in your workplace like?,0,8,1763927432.0,0.5
"Based on your experience, which dating site do you think is the best?",1,3,1763927430.0,0.67
"Which musician did your parents enjoy listening to, that you have also become a fan of too?",2,8,1763913863.0,1.0
What to do When you're right but can't prove the other person wrong?,4,27,1763900309.0,0.67
What is the most bonkers claim someone ever made (that still makes logical sense)?,0,1,1763927381.0,0.5
What year do you think technology peaked?,1,11,1763927349.0,0.6
What's an amazing dessert made with peanut butter that not many people have heard of?,1,3,1763927260.0,1.0
What's the best deal you've score this Black Friday?,1,4,1763927222.0,1.0
What is the favourite John lurie movie?,1,5,1763927031.0,1.0
"Will the pursuit of profits capture our mental health industry and compromise their ethics, morals, and objectivity in dealing with people in the modern world so that people serve capital interests over our their own? If so, what could we the people do?",4,11,1763899924.0,0.83
What would you tell a room full of Americans in 1850 about 2025?,1,5,1763926712.0,0.67
What’s a movie everyone loves but you think is boring?,4,16,1763905107.0,1.0
What did twitter revealing the countries where accounts are registered made you realize?,1,11,1763926557.0,0.57
"Ladies, what are some pickup lines or ice Breakers that you wanna see from men on dating apps?",1,3,1763926534.0,0.6
What would be the place to find normal people to ask for guidance and advice?,1,3,1763926528.0,0.6
What is a bizarre fact?,2,18,1763904932.0,0.63
What’s the most random fact you know?,2,7,1763912834.0,0.67
What are your honest thoughts on the upcoming SA vs India ODI series?,1,0,1763926329.0,0.67
Who was the last person you texted?,2,11,1763926328.0,0.76
Which Roger Smith from American Dad persona can you relate to?,2,0,1763926261.0,0.75
When was the last time you changed your mind on something important?,2,1,1763926058.0,1.0
"Home cooks who inherited messy recipe books or family heirlooms: How did you organize them, and do you trust digital apps to preserve that legacy?",3,3,1763904573.0,1.0
What would you be doing now if you had invested in Bitcoin in 2012?,1,18,1763926042.0,0.66
"Which resource, if it ever experienced a major indefinite shortage, would decimate the US economy?",1,9,1763926017.0,0.6
When is it acceptable to add 'Ya Dig' at the end of a sentence?,1,7,1763925966.0,0.67
"If you could get one body part replaced with one of any animal of your choice, which and why?",5,19,1763894407.0,0.86
"Do you talk to yourself? If so, what do you talk about?",3,14,1763904345.0,1.0
What’s a secret you’ll only tell strangers on Reddit?,3,14,1763904203.0,1.0
What’s a moment that completely changed your life?,3,13,1763904164.0,1.0
What 3 religions (including atheism) would be rock-paper-scissors for eachother?,0,6,1763925504.0,0.45
"With Thanksgiving (USA) upon us, what are you thankful for?",1,14,1763925459.0,0.56
What’s something your dad did that made your childhood feel really special?,2,5,1763925433.0,0.76
"What's a destination you enjoyed but wouldn't return to, and why?",1,7,1763925322.0,0.67
What Are You’re Go To Road Trip Snax?,0,19,1763925309.0,0.5
What’s a trend you hope never comes back?,2,8,1763911728.0,1.0
What gives you anxiety?,2,15,1763911662.0,0.75
What advances still need to be made in order for current drone technology to become personal travel options?,2,6,1763925129.0,0.76
What is your favorite plant in your home?,1,6,1763925108.0,0.67
How do you feel hurt from loss of relationship and what helps you heal?,2,4,1763911547.0,1.0
What Is Your Favorite Thing In USA? After Traveling?,1,3,1763925078.0,0.6
Who’s the most dangerous person you’ve met before?,1,4,1763925072.0,0.67
What is one thing your parents did you will not do when you have Kids?,1,6,1763925034.0,0.6
What’s the creepiest thing that’s ever happened to you?,1,3,1763925026.0,0.67
"What do you miss from the 70's, 80's or 90's?",2,8,1763911457.0,0.67
How did you get past your trust issues?,2,3,1763924991.0,0.76
What If Canada Dissapeared?,0,10,1763924897.0,0.44
What is the most interesting Wikipedia article you’ve ever seen? Link?,2,2,1763924885.0,0.76
"With the rise of 'Agentic AI' (autonomous, goal-driven systems), as compared to regular LLMs (chatgpt/gemini), are we entering a new era of mass job displacement, or is this just the next stage of human-AI collaboration? Where are we heading?",0,2,1763924850.0,0.4
What's on your favorite t-shirt?,0,9,1763924835.0,0.5
What's the best lie you've told your boss to get a day off?,1,11,1763924791.0,0.67
What is the wildest true crime story that no one knows?,5,8,1763897563.0,1.0
What is your go-to restaurant on a first date?,4,21,1763897554.0,0.84
What are rising problems that people aren’t realizing/ recognizing as serious issues?,2,23,1763911022.0,0.67
What’s your Favourite song right now?,3,14,1763903083.0,1.0
"They say, “You'll understand when you grow up.” What did you understand when you grew up?",6,17,1763886489.0,0.81
How would you approach cold emails/DMs if you have a weak resume?,2,3,1763924469.0,0.76
"Genuinely, what does beer taste like?",1,15,1763924464.0,0.57
What do men look for in a life partner?,0,11,1763924426.0,0.44
What do you do for work?,2,13,1763910844.0,1.0
"people who make six figures a year, what is your job? what schooling/qualifications did you need to get it?",1,9,1763924367.0,0.6
What’s the best song ever made in the whole word?,7,63,1763889350.0,0.61
Why have you not made a single purchase of anything today?,2,12,1763910770.0,0.67
What was the best movie you saw?,2,15,1763910762.0,1.0
"What is your favorite proverbial phrase, or one that has impacted your life?",2,6,1763924253.0,0.76
What is the biggest red flag in relationships?,1,5,1763924253.0,0.6
Who had the coolest death in history?,0,2,1763924251.0,0.5
What's the thing that you worry about atm in your life?,1,2,1763924250.0,0.67
What do you want your last words to be?,5,18,1763897110.0,0.86
What old shows or movies set in the future (now) got the most right about how we would be living now?,2,3,1763910611.0,0.76
"You can only shoose 5 vegetables to eat for the rest of your life from a nutritional standpoint, what do you choose?",0,3,1763924153.0,0.4
"What's the part of your house/place that you don't ever go in, and why?",2,8,1763910574.0,0.76
Where were you in 2017?,7,33,1763885955.0,1.0
What is your experience with dating people who had Children from previous relationships?,3,15,1763896887.0,0.72
What’s a great dialogue-free moment in a tv-show/movie that stayed with you?,3,7,1763902491.0,1.0
If you can change 3 things about the political world what would it be?,2,14,1763910402.0,0.76
What’s the most “I saw that in a movie and thought it would work” decision that backfired spectacularly?,5,6,1763896843.0,1.0
How old were you when you met your life partner?,5,73,1763888887.0,0.73
how did you overcome a spiritual block?,5,4,1763896728.0,1.0
how do you deal with panic attack if breathing technique doesn't work?,2,14,1763910181.0,0.75
Your job to pick 10 holidays from around the world for a global year of celebration. Which and why?,2,2,1763910171.0,1.0
What is your reaction for a rejection?,5,17,1763896563.0,1.0
What's something someone you know does/says that's wrong but you're too nice to correct them?,1,2,1763923537.0,1.0
What's the best place to have a huge crashout?,1,9,1763923523.0,1.0
What’s the most haunting comment section you’ve ever gone down on Reddit?,1,1,1763923455.0,1.0
Which habit makes strangers trust you faster?,3,12,1763901910.0,1.0
"when was the last you went outside, and why?",1,15,1763923355.0,0.6
What’s something you swore you will never do when you become a parent?,2,17,1763909782.0,1.0
"When countries go to war, how do they know who's in their team and who's the enemy since they wear the same uniform?",0,6,1763923312.0,0.4
What is one everyday habit humans do now that future generations will find completely bizarre?,1,7,1763923229.0,1.0
What’s that one English song that’s been in your heart for a long time ?,1,7,1763923187.0,1.0
What do y'all do on Sundays?,5,37,1763888089.0,0.79
What video game made you cry?,2,20,1763909557.0,1.0
"People who went to Woodstock, what was your experience there?",4,1,1763895899.0,0.84
"If every human suddenly shared the same dream one night, what do you think it would be about?",0,2,1763922976.0,0.33
What is your biggest feat?,1,6,1763922968.0,1.0
"Controversial but has any if you ever been held at gunpoint? If so, what happened?",0,11,1763922956.0,0.5
What daily hurdles has no web/mobile app solved for you yet?,1,4,1763922930.0,1.0
What have you seen people have a false sense of pride in?,1,3,1763922928.0,1.0
What impressions does the name “Vennet” give you and why?,0,8,1763922892.0,0.5
"Which city do you live in, and would you recommend moving there?",4,12,1763895787.0,1.0
Women of reddit what is a secret you will never tell your husband or boyfriend?,1,2,1763922875.0,0.6
What do you enjoy thinking about most before you fall asleep?,3,10,1763895781.0,0.81
What details of the occurrence that happened to you did you specifically downplay or omit so people wouldn't call you a liar?,0,1,1763922855.0,0.5
"What are your tried and true 10/10, toe curling bedroom techniques?",0,1,1763922836.0,0.4
"If you could play Tom Cruise in any one of his movies, which would you choose?",1,3,1763922832.0,1.0
"with the holidays upcoming, what is the most insane or just memorable holiday moment you have?",1,3,1763922829.0,0.67
What are your thoughts on Phineas and Ferb coming back after Last Day of Summer?,0,3,1763922804.0,0.5
"What is it about making a phone call that creates so much anxiety, does everyone experience this feeling? If so, was there a particular scenario that impacted the way you feel about making calls now?",5,6,1763895627.0,1.0
What is a productive thing people can do on their phone during downtimes of 15-ish minutes?,2,8,1763909172.0,1.0
"If you could choose, would you rather be a genius level comedian or a genius level musician and why?",2,7,1763909125.0,0.75
What percentage of accounts on reddit do you guys think are made by government intelligence agencies world wide?,2,5,1763909112.0,1.0
What car do you dream of driving?,0,10,1763922653.0,0.4
How do you believe Humanity will end?,3,12,1763901114.0,1.0
What’s the cringiest gift you have ever received?,0,5,1763922569.0,0.5
"How can you debate the ""space research is useless"" argument?",2,13,1763908991.0,1.0
What qualities are you looking in your reddit friend or online friends in general?,1,2,1763922519.0,1.0
How do you vale yourself while comparing your self to others specially your better looking friends?,0,5,1763922515.0,0.5
"What are some items or products that have disappeared, been hard to find, or haven't been the same since before Covid?",4,4,1763901013.0,1.0
What is the most expensive vehicle you’ve driven till now?,4,17,1763900989.0,1.0
What do you find cute that everyone looks at you like you’re crazy when you mention it?,2,6,1763908912.0,1.0
Who do you hope to run into when back home visiting for Thanksgiving?,3,1,1763900975.0,1.0
"What is one thing you wish you were taught as a young girl/boy, that you had to teach yourself as an adult ?",2,4,1763908898.0,1.0
What’s a skill you wish you had learned when you were younger?,1,18,1763922435.0,1.0
What do y’all do when you need a hug so bad but have no one?,1,8,1763922434.0,1.0
"What is something you used to tell people with complete certainty, until you learned you were actually wrong?",1,0,1763922410.0,1.0
"Gamers of Reddit, what is the most insane thing you have done in a rage quit?",1,12,1763922270.0,0.99
What is older than most people think it is?,0,14,1763922245.0,0.33
"What does it mean to be ""good at spreadsheets""?  What can a ""good"" person do that is worth putting on a CV?",3,7,1763908591.0,0.71
"how do you feel about sports psychologists, if you used one?",1,6,1763922099.0,1.0
What jobs do you regret taking?,3,15,1763894990.0,0.81
What’s one object/thing from your childhood that is still with you now?,2,5,1763908520.0,1.0
"If a genie granted you one wish, then what would you wish for and why?",2,11,1763908510.0,1.0
What's something that you want in your partner?,1,17,1763922056.0,1.0
What made you addicted to a kink that you have?,0,32,1763922005.0,0.33
What memory do you think about often?,1,7,1763921866.0,1.0
Which side of your family are you closer to?,1,9,1763921835.0,1.0
what do you think of people Owning a virtual pet rather than a real pet?,3,7,1763900364.0,1.0
What's your age and what you learnt from life in all these years?,12,63,1763876833.0,0.87
What’s something you’re really into right now?,3,15,1763900328.0,1.0
What is your biggest regret?,2,11,1763908240.0,0.75
"By the time you reach 35, do you feel your stamina has significantly declined compared to when you were younger?",2,10,1763908143.0,0.75
"With Thanksgiving coming up soon, whats something you have as a unique main dish on your table?",2,7,1763908048.0,1.0
"How are people able to kill? Would you be able to kill, have you ever killed anyone how did it make you feel?",1,23,1763907934.0,0.56
What’s your weirdest high school experience? Don’t hold back. Like what’s genuinely the weirdest thing that’s happened to you or you’ve seen in high school?,1,5,1763921453.0,1.0
"Redditors, if you have ever gone missing, what happened to you?",1,3,1763921420.0,1.0
What's something a fictional character said that lives in your head rent free?,1,4,1763921390.0,1.0
What's your go-to quick meal when you're home alone?,2,15,1763907833.0,1.0
What would you do if you met your school bully now ??,4,14,1763899878.0,0.83
Aliens descend to challenge us to dance off. We may pick 5 living or dead dancers to defend our rep. Who do you pick?,1,15,1763921332.0,0.6
"People who used to be lonely, how did you stop?",1,5,1763921251.0,0.67
"What are some high calorie, lower fat foods/snacks (processed or not) that are good for people with low appetites?",0,0,1763921228.0,0.5
People who have deleted Reddit many times and keep coming back: how do you take that “addiction feeling” and turn it into something positive?,2,12,1763907651.0,1.0
"If you could go back to 2015, what thing from 2025 would surprise you the most?",1,5,1763921110.0,0.67
Which country do you consider to be the most technologically advanced country in the world?,0,7,1763921021.0,0.33
What’s the hardest thing to do in this society?,1,15,1763921006.0,1.0
What's the most weird/strange/creepy thing you have come across on Reddit?,1,3,1763920998.0,1.0
What movie line has been used so many times that you're embarrassed to hear it again?,1,4,1763920978.0,1.0
What's the most honest (or perhaps brutal) thing you've ever said to a date when the date was clearly going badly?,35,51,1763851484.0,0.89
What food/restaurant never fails to give you the shits?,0,5,1763920902.0,0.5
What is the most creative way your parents tried to discipline you and your siblings?,2,5,1763907349.0,1.0
"If one piece of lost media was hidden in your house, where would it be and why?",1,1,1763920879.0,1.0
What’s something you didn’t realize wasn’t normal until you mentioned it to someone else?,3,11,1763899400.0,1.0
"What is the one piece of advice you wish you could give your younger, anxious self about making major life decisions?",1,7,1763920792.0,0.67
What's the answer to all questions?,1,11,1763920774.0,0.67
What is that one video game that has changed your life and/or your perspective on the world?,2,7,1763907162.0,0.75
When was the last time you REALLY enjoyed a McRib?,1,9,1763920703.0,0.67
"If you could go back in time and restart your life, what would you do differently?",5,13,1763893603.0,1.0
What’s a moment that still makes you cringe years later?,1,2,1763920686.0,1.0
"What was the most ""well, that escalated quickly"" moment in history?",3235,912,1763763086.0,0.97
What are your unhinged fantasy football punishments?,1,1,1763920653.0,1.0
What is a hobby that immediately tells you a person has a lot of patience or too much free time?,3,14,1763899158.0,1.0
Who is your current celebrity crush?,84,554,1763833342.0,0.85
What are some songs you shouldn’t sing while getting pulled over?,1,13,1763920614.0,1.0
What is the weirdest job you have been work with?,2,3,1763906902.0,1.0
"Has anyone been filmed against their will in public? If so, what were the circumstances?",1,11,1763920403.0,1.0
Would you rather explore the deepest parts of the ocean or travel to the edge of space and why ?,2,4,1763906856.0,1.0
What is the most vulgar thing you did in your life?,3,5,1763898926.0,1.0
What’s the most useless ‘adult’ task?,1,8,1763920337.0,0.67
"Redditors who have died, what did you die from?",47,128,1763845470.0,0.71
What’s a normal life goal that feels impossible now?,0,8,1763920250.0,0.5
What’s something society pretends is okay but really isn’t?,1,19,1763920223.0,0.67
What are some life hacks or tips to make cleaning an apartment easier or faster?,1,2,1763920188.0,1.0
What’s the worst experience you’ve ever had in your life?,3,15,1763893045.0,0.81
What’s a piece of advice you wish you learned 10 years earlier?,2,5,1763906567.0,1.0
How do you live with a toxic narcissist?,2,16,1763906524.0,0.63
What are your thoughts on new employment codes in india?,1,0,1763920057.0,0.6
When was the last time you held a baby?,2,15,1763906503.0,1.0
What’s it like being a teenage girl in the Jehovah’s Witnesses?,2,1,1763906498.0,1.0
What are the best creepy horror novels you have read with good writing and twists?,2,1,1763906473.0,1.0
How do you find fun in life when you have to be thoroughly disciplined and abstained?,2,3,1763906466.0,1.0
Whould your younger self be proud of the person you are now or think is really cool ?,4,21,1763898529.0,0.83
What is your favorite of the 50 states and why?,1,6,1763919975.0,0.6
What do you hold in your life as sacred?,2,10,1763919850.0,0.75
How do you feel that Indigenous people are the only race that has to ‘prove’ their blood?,0,6,1763919847.0,0.36
Which profession puts the most pressure on people ?,2,10,1763906286.0,1.0
"What is a skill you possess, that is completely useless to you?",3,14,1763898326.0,1.0
What are some holiday traditions that were started completely unintentionally with family or friends?,21,60,1763858494.0,0.94
"Men, what has a woman done that has touched your heart more than you let on?",1373,331,1763778591.0,0.94
How would you handle the situation if you did something really embarrassing or said something offensive by mistake and everyone hated you? Or if this happened to your child?,1,9,1763919708.0,0.67
What's your college confession?,6,18,1763884669.0,0.8
What’s a habit you picked up that genuinely improved your life?,5,23,1763892585.0,1.0
Which is the best parental control software?,1,4,1763919675.0,1.0
"How did a ""fresh start"" help you? Or did you find it overrated?",1,4,1763919617.0,0.67
what are signs a guy still wanted you/ didn’t want things to end?,0,8,1763919563.0,0.5
What’s a unique word in your language that’s too difficult to interpret/explain the essence of it in other languages?,2,6,1763905911.0,1.0
Two things that can keep you indoors for a whole day?,5,48,1763887953.0,1.0
"In your country or city subreddit, how often do you notice anti-immigration or racist bot / troll activity lately?",0,2,1763919403.0,0.5
Men how do you feel when a woman does the equivalent of thinking from the dick like men do and if they treated you similarly?,0,6,1763919401.0,0.4
Smart people of Reddit what's the story of the last time you used your smarts?,1,2,1763919319.0,1.0
Who decided the length of spaghetti?,5,30,1763887706.0,0.73
What's something you always wanted to say but never got the chance to?,2,11,1763905593.0,0.75
What would you change if you could travel back in time 10 years?,4,17,1763892043.0,1.0
What's your go to game to relax or unwind?,1,3,1763919121.0,0.67
What’s a food that you like but others would find distasteful?,2,4,1763905562.0,0.75
What are people’s thoughts on getting a dog a dog?,1,8,1763919024.0,0.6
What will you think trump will be remembered as?,0,27,1763918874.0,0.4
"What is a character from a video game, book, tv show or movie that you wanted to go full parent mode on even if you’re not a parent?",1,1,1763918854.0,1.0
"On average, how clean or messy is your living space?",2,14,1763905298.0,1.0
What’s the most casually bad ass thing you’ve ever witnessed?,2,4,1763905242.0,1.0
"What's something you consider normal, others might consider weird?",4,4,1763891667.0,1.0
When is it safe to fart?,0,15,1763918705.0,0.4
At what age did you accept that you are mature enough now?,2,23,1763905148.0,1.0
"People who read more than 2 books a year, how do you do it?",1,15,1763918668.0,0.67
"What life lesson helped you the most, and who taught it to you?",1,4,1763918658.0,0.67
What does indicate about a person who doesn't have friends?,0,6,1763918622.0,0.4
What’s a small thing that can ruin your whole day?,1,8,1763918611.0,0.67
What year was your best year?,1,19,1763918488.0,0.6
What would you do if you found out you were brainwashed into your political views?,1,12,1763918478.0,0.6
People who have passed or scored high on any particular important examination. How did you all prepare?,1,12,1763918446.0,0.67
What's a good business to get into that is not already heavily saturated?,1,11,1763918430.0,0.6
"How do you guys usually spend your free time, especially when you're feeling super bored and nobody's texting you on social media, but you still wanna talk to someone? Like when you're just sitting there thinking, what to do now? Bored of everything and tired of waiting for people to reply?",3,6,1763896899.0,1.0
What would you do with a blog you found that you forgot you made over a decade ago?,2,8,1763904784.0,0.76
(Please include your gender and age) Do you believe the U.S government resembles an oligarchy or democracy more and why?,0,5,1763931856.0,0.33
How does one develop social skills when others don't even want to interact with them?,2,4,1763904763.0,1.0
What is the best insult you have ever heard directed at yourself or others?,1,3,1763918289.0,0.67
Where on reddit to request a political meme/slideshow set to music?,0,0,1763918255.0,0.4
What do you think is the single biggest issue dividing Americans in 2025-and why do you think it's so hard for people to find common ground?,1,4,1763918216.0,0.67
What is your biggest regret after letting the love of your life slip away?,2,14,1763904652.0,1.0
[Serious] What's a good complicated story?,1,5,1763918186.0,1.0
What has your experience been working at a private equity owned company in US?,2,1,1763904582.0,1.0
What life skill did you learn embarrassingly late?,2,5,1763904531.0,1.0
Who was the most underrated leader?,0,10,1763917982.0,0.5
"If Vecna targeted you, what embarrassing memory would he use against you?",7,13,1763879908.0,0.73
What is your best and worst lesson?,3,5,1763896436.0,1.0
What are you actually using AI for?,3,61,1763896418.0,0.81
Who do you think Bubba is?,0,8,1763931317.0,0.43
What’s the most wild/out of pocket dream you had?,2,19,1763904209.0,0.75
How do you store bananas without having it browned?,2,7,1763904208.0,0.75
What are your top 3 favorite Disney Channel original movies ?,0,4,1763917728.0,0.5
What petty thing would you make illegal because it annoys you?,2,14,1763904175.0,1.0
At what age would you give your child their first phone?,39,184,1763848184.0,0.82
How do you stop being a jealous and or possessive person?,0,13,1763917643.0,0.5
What was your weirdest experience while taking a sh!t in school?,0,3,1763917590.0,0.5
What’s something you wish you could experience as the opposite sex?,23,55,1763857166.0,0.88
What would your alternate universe Thanksgiving menu look like?,0,4,1763917557.0,0.5
What is the best motivational quote you have ever heard?,1,10,1763917549.0,0.67
Why do you think so many people wear their truckers hat backwards?,1,13,1763917509.0,0.6
"To all the atheists, what made you believe there is no god?",0,33,1763917489.0,0.4
What was your last breakup like?,5,27,1763890368.0,1.0
How do you pretend to like someone you despise?,0,8,1763917437.0,0.5
What’s a small thing your partner or friend did that made you feel genuinely loved?,1,2,1763917425.0,1.0
"What are some interesting and weird policies introduced by a government, something like Britain's window tax?",0,3,1763917375.0,0.5
What are some of your best examples of interactions with irrational people from the suburbs?,0,1,1763917333.0,0.5
How do you see yourself in 10 years?,1,1,1763917256.0,1.0
Teachers of Reddit — what was the moment you realized a student was going to be extremely successful?,2,0,1763903658.0,1.0
Would you want to live your life over again? Why or why not?,2,9,1763903583.0,1.0
"What’s something that’s considered normal or acceptable for one gender, but would be seen as inappropriate or uncomfortable if the roles were reversed?",1,15,1763917105.0,0.67
"If you had all the money in the world for 5 hours, what would you do?",2,10,1763903554.0,0.75
In assassin creed Shadows. Switch character is better to play? What are the pros and cons to both?,1,2,1763917010.0,1.0
What is a game to play in a small group while also being able to have a discussion?,1,3,1763917002.0,1.0
What first impression is a massive red flag on its own?,0,2,1763916994.0,0.33
"What do you think is going on with Trump, while and after meeting with Mamdani?",2,14,1763903428.0,0.75
What's your favorite type of cloud?,3,17,1763895474.0,1.0
How do you deal with aggressive behavior of a child?,1,5,1763916929.0,1.0
What r some of the things that rich people have said to you that annoyed you?,1,6,1763916834.0,0.6
What was the worst thing that had happened on your birthday?,1,6,1763916821.0,1.0
Preschool teachers who was your worst student and why?,1,0,1763916818.0,1.0
What’s a piece of advice you wish you had taken seriously sooner?,3,12,1763895346.0,1.0
Which celebrity would be the worst person to sit next to on a long flight?,15,98,1763863807.0,0.83
What's the one item from your childhood that you absolutely wish you still owned?,0,5,1763916684.0,0.5
What’s the most ridiculous thing you do just because it’s fun?,1,2,1763916622.0,1.0
What do you do when you feel lonely and got no friends or family to talk to ?,1,1,1763916613.0,1.0
What’s a habit you picked up from someone you’re not in contact with anymore?,5,13,1763885153.0,1.0
What company did you predict would crash long before it actually did?,2,10,1763903056.0,1.0
"For anyone who had sex with a best friend, how are things between you now?",0,17,1763916580.0,0.47
What is the last time you felt needed?,0,5,1763916576.0,0.5
What's the difference between harrassing and flirting with a girl?,2,13,1763903027.0,0.63
Which one of your parents do you prefer more and why?,4,18,1763889335.0,1.0
What is with people letting the elderly (like mothers or authority figures 15-20yrs+ older) get away with hitting them?,0,2,1763916416.0,0.5
What’s the most extravagant/luxurious dish you’ve ever eaten – and was it worth the hype?,2,1,1763902857.0,0.76
What makes people choose tasks they already know how to do instead of learning new skills?,0,3,1763916381.0,0.5
What has been your biggest achievement this year?,3,29,1763894895.0,1.0
What is the biggest thing that holds you back from starting your day in a timely manner? (And it's not depression)?,1,7,1763916274.0,0.67
What's your love at first sight story ? What happened the next ? Did it last ?,0,3,1763916238.0,0.5
how was your day?,17,40,1763860790.0,0.95
What are your honest opinions on Donald Trump based on everything he has done so far in his second presidency?,0,35,1763929491.0,0.44
Why were you an addict?,2,5,1763902386.0,1.0
How would your life be different right now if the internet was never created?,1,23,1763915931.0,1.0
What brand are you brand loyal to (as in you won’t use anything else) &amp; for how long have you been brand loyal?,3,27,1763902318.0,0.71
"If you could describe your poops with a song title, what song would be playing?",0,14,1763915814.0,0.4
Would you rather live in NYC or LA and why?,0,12,1763915784.0,0.5
What is one product that should be discontinued asap?,3,11,1763894286.0,1.0
What was a sign that you ignored and then you realized that it was a giant red flag?,9,20,1763877685.0,0.76
Tell us a little bit about the biggest opinion shift happened to you . What was the reason?,1,2,1763915711.0,1.0
What nice thing can you say about AI?,0,11,1763929251.0,0.25
What did you do this weekend?,2,13,1763902130.0,1.0
What was your partner's reaction to your breakup text?,0,8,1763915560.0,0.43
What Christmas gifts under 100euro/usd are you buying for your family and friends?,0,0,1763915542.0,0.5
Looking for a school giveaway from a N. Ireland primary-school fire safety visit It was a perforated page of pop-out trading cards each card had a cartoon face on an everyday object with a short line about how it could start a fire. If anyone?,2,1,1763901942.0,1.0
What's something that happened to you that you still can't explain?,1,6,1763915440.0,1.0
Who was the one that got away?,0,5,1763915376.0,0.5
What's an insult you've been saving for a very specific situation?,1,6,1763915355.0,1.0
If you were a zoo animal what would you want people to feed you?,4,11,1763901754.0,0.83
"People with hypersexuality, how you deal with it ?",0,9,1763915278.0,0.5
"If someone already has more wealth than they could ever spend or need, why many of them still want more?",0,14,1763915236.0,0.5
"Which beauty product just works, so much so that there has never been a need to bring out a new / improved version?",1,1,1763915209.0,0.67
What is your least favourite colour?,1,19,1763915196.0,0.67
Whats pettiest reason you’ve ever broken up with someone?,1,10,1763915107.0,0.67
What is your favorite non-traditional Thanksgiving dish?,1,4,1763914982.0,1.0
You can vomit out 500 grams of any chemical element you want daily. Which element do you choose?,1,22,1763914880.0,0.67
What are you doing today?,2,12,1763901332.0,1.0
If you could resurrect one person from the past who would it be and why?,1,2,1763914818.0,0.67
What’s the creepiest thing you’ve seen but can’t explain?,1,4,1763914803.0,0.67
What is your favorite tv or movie character of all time?,1,6,1763914773.0,1.0
What is your biggest regret?,2,7,1763901188.0,1.0
Which moment in your life felt like a movie scene?,1,1,1763914711.0,1.0
"What's the most unexpectedly useful skill you ever learned? Like something you use everyday, but never expected to be useful or important?",5,14,1763883245.0,1.0
What would you like to do but can not do?,1,3,1763914680.0,1.0
What's a good creative birthday party idea for an adult friend group?,1,0,1763914677.0,1.0
What factual information have you learned from watching cartoons?,1,2,1763914618.0,1.0
How do you find more evidence about the screamer of the right xd com?,1,0,1763914569.0,1.0
"When did you realize that your parents aren’t perfect angels ,but just ordinary people who make mistakes ?",1,3,1763914531.0,1.0
What anime series do you recommend?,2,13,1763900912.0,1.0
How do men that is in a relationship interact with a flirty female colleague? Also how do you set boundaries?,0,8,1763914437.0,0.5
How does autism and or ADHD impact the disagreements or arguments you have with others in friendships and relationships?,7,9,1763879387.0,1.0
What satirical work do you sincerely agree with?,0,0,1763914298.0,0.5
"Where in the US should we go for our big anniversary? April of next year, not too expensive, beach, historical sites of all varieties, dive bars, hiking, we're open. Where should we go?",0,11,1763914270.0,0.5
What is the best souls game your opinions??,1,1,1763914254.0,1.0
Where do birds go after foraging for food in the morning?,1,4,1763914252.0,0.6
"Redditors who played Quarterback in high school, how's it going?",1,2,1763914197.0,0.6
"What is the small, random decision you made that ended up changing your entire life for better/worse?",1,3,1763914177.0,1.0
What’s a tiny moment you witnessed that completely changed how you see people?,1,2,1763914159.0,0.67
"What is better, pancakes or waffles?",0,12,1763914148.0,0.5
Who is that one person you hate (and are not in contact with) but deep down you love them and can't get them out of your heart ?,0,5,1763914128.0,0.5
What secret have you been keeping from your family?,3,20,1763900504.0,0.8
"If aliens observed Earth only once, what would they think humans do all day?",6,20,1763879016.0,0.8
"People who have changed their views over time: We often hear what beliefs people hold onto, but what’s something you’re grateful your younger self eventually grew out of?",1,3,1763914011.0,0.67
Why would anybody hold this opinion (“I love it when the same commercials and songs play over and over and over!”)?,2,3,1763900436.0,0.75
What is your favorite song or music for thanksgiving?,2,4,1763900425.0,1.0
What's the most useless skill you have that you're secretly proud of?,2,29,1763892465.0,0.67
What happened to the 4B movement?,0,3,1763913930.0,0.5
"Hey guys, a question for y'all.What's that one product,app or service which u wish existed?",0,5,1763913923.0,0.4
What's your favorite song?,1,1,1763913923.0,0.67
What is the most high-potential skill to learn today?,1,6,1763913848.0,1.0
What's a skill everyone should have?,6,31,1763878822.0,1.0
How did AI make your life easier?,0,4,1763913824.0,0.4
What's your biggest quirk?,1,3,1763913793.0,1.0
How should 1 estranged child be named in inheritance to be fair to the other 3 who have been in close relationship with us all these years?,0,11,1763913722.0,0.33
"People who were born in financially weak family, how it felt as a teen seeing others enjoying life while you had restrictions and how you are doing now?",0,1,1763913685.0,0.5
"If you make $30,000 MRR, what business idea lead you to it?",1,1,1763913615.0,0.67
What’s something you realised far too late in life?,1,2,1763913556.0,1.0
What's the single best scene in a movie of all time?,13,137,1763864887.0,0.84
"Say you win the interdimensional lottery and win a fully crewed Imperial Star Destroyer, floating in orbit. After taking delivery, what do you do with it?",1,4,1763913404.0,0.67
When did you snatch defeat from the jaws of victory?,0,2,1763913401.0,0.33
"If MrBeast offered you $100K to sing one song word-for-word, which song are you choosing?",3,27,1763899850.0,0.8
Emergency Health workers : How does it feel the first time a patient codes on you ?,0,0,1763913389.0,0.5
What is something you should experience once in your lifetime?,4,19,1763886285.0,1.0
"What free AI platform would you use to help with the framework of a business plan? Not looking for a finished, polished version - just a good start. Thoughts?",0,1,1763913327.0,0.33
What is your opinion? Do you think using pedofile by police to be their informant is a bad thing? What would you do if you know someone?,1,5,1763913281.0,0.67
Who’s the MOST Beautiful/Attractive Female Movie Star of All Time and Why?,2,5,1763913195.0,0.62
What is your favorite kitchen tool to use when cooking?,1,19,1763913171.0,1.0
"What’s a small, weird decision you made once that ended up completely changing your life?",0,5,1763913162.0,0.5
What’s best thing that you have learnt in old ages?,1,3,1763913104.0,1.0
What is your favorite sin?,0,11,1763912991.0,0.44
Have you dropped a show/movie with one episode remaining/ around 15 minutes left? What is it and why?,2,2,1763899366.0,0.76
What is something you will never try?,8,69,1763869959.0,0.84
When did you realize life wasn’t all ‘hakuna matata’?,0,8,1763912886.0,0.33
What were the circumstances when you saw your father crying?,1,12,1763912802.0,1.0
How do you think people use God and Religion as an excuse to not take accountability for their own words and actions?,1,6,1763912799.0,0.56
What’s a small thing that unexpectedly made your week better?,5,8,1763885698.0,1.0
"Which profession would you advise an ambitious young (18) student to persue, given the concern over 1) DOE eliminating what qualifies as a profession, 2) the rapid advances of AI?",0,3,1763912787.0,0.33
"Those that have traveled across the US, what were the best and worst national parks that you’ve visited?",1,5,1763912785.0,1.0
What is your favorite modern underrated technology?,3,13,1763891268.0,1.0
Who's your favorite minor character from a TV show or movie?,1,8,1763912732.0,0.67
What’s a completely normal word or phrase that makes you laugh every time you hear it?,1,1,1763912724.0,1.0
What to use for a chronic migraine?,3,3,1763899049.0,1.0
What’s your tattoo horror story?,4,9,1763885495.0,0.83
How important are looks?,1,11,1763912579.0,0.6
what age did you stop believing in Santa and why?,0,12,1763912529.0,0.4
What does love means to you ?,0,11,1763912494.0,0.5
"What city/state reddits make you say ""I want to visit""? Which make you say ""nah, I'll skip that pkace""?",1,1,1763912457.0,0.67
What is the best question to ask on a second date?,6,11,1763885321.0,1.0
What was it like on your last day at office? How did the employees and management bid farewell?,0,3,1763912373.0,0.5
What is the strangest or funniest thing you’ve seen on someone else’s phone?,0,5,1763912345.0,0.5
"If you could instantly master one completely useless skill, what would it be?",1,10,1763912326.0,0.67
What’s a question you wish people asked you more often?,1,13,1763912321.0,1.0
Which profession will suffer the greatest changes due to automation/AI?,0,2,1763912311.0,0.33
How come people order the most complicated drinks at coffee shops?,1,10,1763912304.0,0.6
What was the weirdest/worst pm request you ever got?,0,7,1763912220.0,0.5
"What is something that most people consider “normal,” but you secretly think is actually very unhealthy?",1,12,1763912193.0,0.67
"If you had to travel for a quick Christmas trip to one of these countries (Greece, Turkey, Romania or Serbia), which one would you choose?",0,5,1763912143.0,0.5
Which author would you like to see in the position of Carol in Pluribus?,0,3,1763912073.0,0.33
What is your life like at 26 years old?,211,359,1763807545.0,0.84
What’s a movie that’s objectively bad but you’ll still defend with your life?,1,30,1763911966.0,0.56
Where did you find happiness in life?,1,9,1763911910.0,0.67
What's your must visit destination and why?,1,1,1763911894.0,1.0
What are your thoughts on inverter ACs? Is the high price worth it?,0,1,1763911833.0,0.5
People are all in a hurry. Where are you in a hurry?,2,7,1763898280.0,1.0
"If you woke up tomorrow and no one remembered you, what would you do first?",1,7,1763911819.0,0.67
What is the craziest thought that popped into your head late at night?,3,9,1763890344.0,1.0
"If happiness had a price, what would you be willing to pay?",1,3,1763911799.0,1.0
If you knew you were 100% not going to be alive tomorrow what would you do today?,1,8,1763911780.0,0.67
What was the most scariest thing that in your school?,2,7,1763898223.0,1.0
Which corporation will be the first to have a base on Mars?,0,7,1763911767.0,0.4
When was the last time you helped out a stranger and what did you do?,4,14,1763884647.0,1.0
What’s one thing that instantly makes you respect someone?,4,24,1763880273.0,0.84
How did you become a millionaire?,1,4,1763911677.0,0.67
"Looking back on the years you've lived, what is one piece of advice you would give to everyone?",2,9,1763898103.0,1.0
How do you react when someone is pretending they are intelligent when they're obviously not (by far)?,3,14,1763890137.0,1.0
What ruined religion for you?,1,31,1763911605.0,0.57
Which dumbass advice did you take seriously that ruined your life?,3,11,1763890038.0,0.8
What arguments are you expecting to hear at the Thanksgiving table this year?,0,7,1763911465.0,0.33
What helps you manifest a relationship when you feel stuck?,1,1,1763911413.0,1.0
What’s something small that made your day better recently?,4,6,1763889939.0,0.83
"Retired military personnel: If you can remember, what was the worst cadence you ever marched to?",4,5,1763879921.0,0.84
How do you whipe your butt? Crumple or Fold your toilet paper?,0,4,1763932834.0,0.29
What is a good workout video where the instructor is a total asshole?,1,3,1763911186.0,0.67
Which kickstarter game exceeded your expectations after release?,1,2,1763911181.0,0.67
What’s your reaction going to be if they really kill off Steve Harrington in the final season?,2,9,1763897492.0,1.0
What’s something that makes you judge a person instantly?,5,16,1763883939.0,1.0
What are you favorite Christmas traditions to do with your kids?,2,6,1763897472.0,0.67
Name one underrated artist whose songs you listen to often but isn't known to others? It could be a regional artist too?,4,11,1763879535.0,0.84
How is your weekend going so far?,3,13,1763889498.0,1.0
"What's the weirdest dream you've had, that even to this day you can't explain with something ""logical""?",1,1,1763910765.0,0.67
What's something you perceived as a character flaw when you were younger but now actually think it's a positive trait?,1,1,1763910724.0,0.67
If you could time travel where would you go?,1,5,1763910709.0,0.67
"What’s your take on maintaining separate accounts here for general stuff, and an incognito account for private seedy stuff?",1,0,1763910706.0,0.67
What do you usually do on your days off?,3,14,1763883613.0,0.81
"If u had given a MILLION or a to gamble on heads or tails, what would you do?",0,4,1763910669.0,0.5
"Do people in your country believe that the US President is being blackmailed, if so by who?",0,6,1763910665.0,0.5
What’s the saddest song you’ve heard?,3,24,1763889177.0,1.0
What’s something you did with your parents that felt very ordinary then but has become a warm memory now?,1,3,1763910630.0,1.0
Why do you think retail is so much more hostile to their employees compared to other jobs?,1,2,1763910618.0,0.67
VERY SERIOUS! What is the story of death in your family?,3,11,1763897038.0,1.0
What's something you wish more people admitted they were wrong about?,1,1,1763910546.0,0.67
What is your best way to never forget to drink water and stay hydrated?,1,9,1763910507.0,0.67
If you found 4.70 million yen in a duffel bag on the side of a remote road what would you do?,1,20,1763896937.0,0.56
Who are the greatest singers in the world and which song(s) should we listen to?,0,6,1763910466.0,0.5
What's the dumbest thing you've done this past week?,1,1,1763910425.0,0.67
"Aliens are invading us, what is your secret plan against it?",1,8,1763910357.0,0.67
"What are some fiction media franchises, like from movies, novels, video games, etc., that you think will likely never die?",1,2,1763910351.0,0.67
"What was the equivalent of ""Heritage Foundation"" in the USSR?",1,2,1763910327.0,0.57
What are small niche tech products and review sites?,1,0,1763910311.0,0.67
What’s the most random fact you know?,0,5,1763923846.0,0.33
"Women of Reddit, if you could move to a women-only alternate world, would you like to move there or not? Why?",0,13,1763910289.0,0.43
What is one lad code rule you should never break?,1,12,1763910255.0,0.6
What’s the name of the first rated r movie you watched as a kid?,4,19,1763883155.0,1.0
What is your take on MAGA “influencers” being from foreign countries?,1,0,1763910212.0,0.67
"Which country would you love to emigrate to if you were given the chance, and why?",29,302,1763843663.0,0.75
"How do you feel when a skinny girl talks about how fat she is, shames herself for eating junk food, and goes to the gym every day?",1,13,1763910121.0,0.56
What’s something you don’t like about yourself but are willing to change? And would you (and where) go for advice?,5,14,1763883021.0,1.0
If you could only ever do one position for the rest of your life which would it be? What makes that one special and timeless?,0,5,1763910011.0,0.5
"What’s a behavior people use to look righteous, even though it means nothing?",5,12,1763882911.0,0.86
Who is the best celebrity you have met and why?,3,6,1763888505.0,1.0
"What do you think, what’s the best decision you ever made?",2,11,1763896386.0,1.0
What do you do with helicopter parents that won’t leave you alone?,2,1,1763896340.0,1.0
What is the most wholesome thing a complete stranger has ever done for you?,0,9,1763909883.0,0.5
What's a body anomaly you have that thought was normal until much much later in your life?,0,7,1763909842.0,0.5
"How is life lately as a 24 year old — career wise, financially, in relationship, with family and friends, and mentally?",0,7,1763923335.0,0.33
"Butchers of reddit, what's the least known cut behind the counter that one should order?",1,0,1763909777.0,1.0
What marvel should do to comeback on track?,0,6,1763909737.0,0.5
Who all miss Moon Knight and Ghost Rider?,1,3,1763909680.0,0.57
People who scream at their spouses and/or children once a week or more: what do you get out of it?,0,29,1763909583.0,0.33
This one is for all the hotel workers out there. What’s the wildest thing you’ve encountered on shift?,2,3,1763895973.0,0.75
What makes you feel confident?,6,19,1763878040.0,1.0
At What Point Did You Start Questioning if You Were Old?,10,34,1763864475.0,0.92
What book are you reading or just finished reading?,1,15,1763909447.0,1.0
What does your Thanksgiving look like this year?,1,4,1763909366.0,0.67
What's the worst beauty advice you've fallen for and how did it impact you?,1,4,1763909341.0,1.0
For those who have had a near death experience: what was it like?,5,11,1763877776.0,1.0
What keeps you awake at night?,5,38,1763877775.0,0.79
How do you ask for flowers without asking?,0,3,1763909228.0,0.5
What does the perfect birthday look like for you?,2,7,1763895616.0,1.0
What does your ideal night at home look like?,10,40,1763864162.0,0.79
"What’s a book, movie, or song that everyone should experience at least once and why?",1,4,1763909079.0,1.0
What's your best advice to someone struggling in a rough patch of life?,1,6,1763909009.0,1.0
What the hell happen to the Tiktok ban situation?,3,4,1763887515.0,0.8
What is a show stopper Thanksgiving appetizer or side?,1,4,1763908948.0,1.0
What's something you would want to share with a stranger?,0,4,1763908945.0,0.5
When did you realized it was too late for something and what was it ?,0,3,1763908932.0,0.5
What's one of the worst disease and why?,0,11,1763908911.0,0.5
"people who comment on a post more than 5 days later, what are your hopes and dreams?",1,9,1763908644.0,0.6
"Would you rather vote for a candidate you don’t like, or not vote and accept whatever happens? why ?",1,35,1763908630.0,0.6
What are your thoughts on a local politician making &amp; promoting social media posts w/ their GF that are inspired by porn &amp; mention men gooning after her?,0,5,1763922026.0,0.29
What's your favourite breakfast?,5,14,1763881352.0,1.0
How do you ask someone needs help without alerting her capture?,0,6,1763929904.0,0.2
How would you feel if outlast(the first one) was becoming a movie?,1,0,1763908371.0,0.67
"Men, what's something you wish you could admit without being judged?",7088,5347,1763737291.0,0.93
What’s something someone said that wasn’t sexual…but your brain absolutely refused to take it any other way?,1,14,1763908160.0,0.6
If you could have dinner with any three people dead or alive who would they be?,2,10,1763894563.0,0.75
What better way to kill your Sunday other than hangouts or watching movies?,4,4,1763876642.0,0.84
How do you relieve stress?,14,95,1763855161.0,0.83
What's the biggest problem you had with your parents?,1,5,1763908033.0,1.0
Need answers and reasons Who’s worse at staying loyal bf or gf when on holiday ?,0,10,1763907979.0,0.33
What makes a person look attractive?,0,11,1763907972.0,0.5
What’s the biggest “I need popcorn for this” moment you’ve ever witnessed in real life?,1,3,1763907963.0,1.0
"What's the craziest law, rules you heard or read about from another countries?",6,6,1763876505.0,0.87
"If you had to choose between unlimited money or perfect health for life, which one would you pick -and why ?",2,17,1763894320.0,1.0
What TV show do you wish you could experience again as a first time viewer (no spoilers)?,3,31,1763886395.0,0.8
"You get to bring your childhood self to 2025, what's the first thing you show them?",1,9,1763907853.0,1.0
"Looking back, do you think situationship are a waste of time, or can they be meaningful in their own way? and why?",2,5,1763894277.0,1.0
"Do you still think about your first love? if no, why?",5,22,1763880723.0,1.0
Do you go through your partners phone? If so why?,1,9,1763907811.0,0.67
What’s a brand of decaffeinated coffee that does not taste watered down?,1,2,1763907788.0,0.67
What's your GOTY 2025 winner?,1,4,1763907774.0,1.0
When was the last time you were complimented?,3,8,1763886281.0,1.0
What are the best things about butts?,0,3,1763921239.0,0.33
"If you and your partner switched bodies, what would your lives be like?",0,6,1763921149.0,0.33
whats a smell that takes you back to your childhood?,1,8,1763907601.0,0.67
The Rise of Social Media Influencers as Role Models for youth is Detrimental?  What are pros and cons ?,3,5,1763886090.0,1.0
What do you think of running out of time at 28?,0,3,1763907512.0,0.5
What’s the weirdest compliment a stranger has ever given you that you still think about sometimes?,1,1,1763907495.0,1.0
What one thing would you change about yourself right now?,2,12,1763893829.0,1.0
What have you seen your kids do that made you say “oh my god it’s genetic”?,9372,2497,1763689926.0,0.96
What skill do you think is highly profitable right now?,3955,1437,1763680243.0,0.95
