id,subreddit,title,score,num_comments,created_utc,upvote_ratio,is_self,domain
1pjgifx,pics,(OC) Love From Above,1,0,1765405417.0,1.0,False,i.redd.it
1pjgeza,pics,"[OC] A billboard in Richmond, Kentucky.",24,3,1765405176.0,0.9,False,i.redd.it
1pjge9s,pics,I feel this too much,0,0,1765405130.0,0.45,False,i.redd.it
1pjgdyu,pics,"The bridge to Philadelphia, PA",5,0,1765405110.0,1.0,False,i.redd.it
1pjfown,pics,"Current visitor, male Anna's hummingbird [OC]",9,1,1765403455.0,0.91,False,i.redd.it
1pjf99f,pics,[OC] last year I took a picture of the lighthouse on the Cape Cod chips bag,17,2,1765402415.0,0.88,False,i.redd.it
1pje3eu,pics,[OC] It's a new shape. Never been done before.,0,10,1765399720.0,0.42,False,i.redd.it
1pje268,pics,"An American flag on Election Day (November 5th, 2024). [OC]",81,17,1765399640.0,0.8,False,reddit.com
1pjdwla,pics,"[OC] Getting warmed up, Night Glow, Red Rock Balloon Rally, Gallup, NM",5,2,1765399270.0,1.0,False,i.redd.it
1pjds4u,pics,Look at all these wheat pennies!,57,36,1765398976.0,0.83,False,i.redd.it
1pjdn97,pics,Anti-Gerrymandering Protest - Utah State Capitol 12/9/25 [OC],320,5,1765398657.0,0.97,False,reddit.com
1pjc7fq,pics,Winter Roads [OC],20,1,1765395423.0,0.92,False,reddit.com
1pjc3mk,pics,[OC] photos from yesterday evening,17,1,1765395184.0,0.9,False,reddit.com
1pjc087,pics,[OC] My piece of beef jerky looks like the state of California.,0,5,1765394973.0,0.41,False,i.redd.it
1pjbgje,pics,A buoy line at low water,9,0,1765393733.0,0.99,False,i.redd.it
1pjba67,pics,[oc] found the CD wallet that lived in my car in the 2000s,3360,330,1765393342.0,0.96,False,i.redd.it
1pjb0zd,pics,The earliest illustration of Santa in his sleigh with reindeer pulling it,7,1,1765392777.0,0.77,False,upload.wikimedia.org
1pjav8p,pics,[OC] Garden corn,738,34,1765392425.0,0.98,False,i.redd.it
1pj9stj,pics,Hiking in Antartica (OC),24,1,1765390130.0,0.82,False,i.redd.it
1pj9l6a,pics,[OC] Thought these family vacation photos turned out nice :),0,3,1765389684.0,0.45,False,reddit.com
1pj9i9b,pics,[OC] cranes doing crane things.,409,20,1765389528.0,0.98,False,reddit.com
1pj9e09,pics,Trump struggles to see by peeking through hand-formed binoculars,182,74,1765389269.0,0.75,False,i.redd.it
1pj98xh,pics,North Carolina [OC],59,3,1765388958.0,0.95,False,i.redd.it
1pj8z5i,pics,A Tiger on the Prowl in Magic Hour Light [OC],12,1,1765388363.0,0.87,False,i.redd.it
1pj8o5x,pics,My cat’s eye [OC],17,1,1765387704.0,0.95,False,i.redd.it
1pj88e3,pics,[OC] Doggo in Berlin,47,0,1765386776.0,0.86,False,i.redd.it
1pj7ouw,pics,[OC] Scotlands best scenery 🏴󠁧󠁢󠁳󠁣󠁴󠁿,56,4,1765385592.0,0.89,False,i.redd.it
1pj73bm,pics,"[OC] a fossil that I found 10 years ago, probably an elephanid tooth.",51,6,1765384264.0,0.86,False,reddit.com
1pj708k,pics,"[OC]Windy evening, warm lights, and an empty beach.",45,4,1765384070.0,0.88,False,i.redd.it
1pj6ya2,pics,"Delaware River French town, NJ [OC] [4000x3000]",9,2,1765383948.0,0.8,False,i.redd.it
1pj6n1b,pics,"""In Passing"" - El Paso, December 2025 [OC]",18,5,1765383244.0,0.74,False,i.redd.it
1pj5pwb,pics,Stone Bridge in Cooperstown NY,27,4,1765381147.0,0.83,False,i.redd.it
1pj5krw,pics,Hazy shade of winter [OC],1000,33,1765380814.0,0.97,False,i.redd.it
1pj50hj,pics,A tower crane with green light and red light,0,2,1765379469.0,0.29,False,i.redd.it
1pj4uij,pics,"[OC] ""As Long As You're Still Breathing"" Digital Painting by Ascendingstorm",33,1,1765379059.0,0.77,False,i.redd.it
1pj4pg9,pics,[OC] went out to clear my mind for a bit. The best moments happen when you’re not looking for them!,80,2,1765378741.0,0.97,False,i.redd.it
1pj4j92,pics,Hand-cut paper Narcissus (December birth flower) — made as a special birthday gift,18,1,1765378329.0,0.79,False,reddit.com
1pj3yci,pics,[OC] Then and Now (I used to have hair),0,3,1765376921.0,0.44,False,reddit.com
1pj3s9b,pics,The single most common painting you’ll find in Indian homes is the 7 galloping white horses [OC],0,11,1765376498.0,0.27,False,i.redd.it
1pj3k3l,pics,"[OC] Early morning school days. Palawan, Philippines",16,4,1765375930.0,0.9,False,i.redd.it
1pj3ci3,pics,"Mount Albion Falls, Hamilton ON",26,2,1765375383.0,0.87,False,i.redd.it
1pj37yz,pics,Snow Birds,12,1,1765375061.0,0.7,False,i.redd.it
1pj309b,pics,(OC) Above the fog,40,2,1765374498.0,0.88,False,i.redd.it
1pj2h0j,pics,The Mexican “totonaku” ceremony of the “Voladores de Papantla”,14,1,1765373060.0,0.76,False,reddit.com
1pj25ct,pics,Jacob Riglin's NYC Daredevil Cityscape photo,125,42,1765372147.0,0.73,False,i.redd.it
1pj1ok7,pics,[oc] took this on my way to the store,22,0,1765370765.0,0.83,False,i.redd.it
1pj1jzn,pics,Fragments of Light in Guangzhou [OC],7,0,1765370373.0,0.75,False,i.redd.it
1pj1fbd,pics,“OC” Spotted another Spacex launch early this morning in the San Diego sky.,1,1,1765369981.0,0.54,False,i.redd.it
1pj1es3,pics,Mt. Fuji from My Hotel Room at Sunset,132,12,1765369935.0,0.9,False,i.redd.it
1pj1134,pics,An athletics field picture,0,2,1765368759.0,0.1,False,i.redd.it
1pj0z9u,pics,My biggest painting yet,2154,69,1765368601.0,0.96,False,i.redd.it
1pj034k,pics,Someone brought this cake to my restaurant today,426,42,1765365541.0,0.89,False,reddit.com
1pizzlj,pics,[OC] Fishermen protest in the Maldives,1,1,1765365197.0,0.57,False,i.redd.it
1pizzk1,pics,[OC] the sky looked like this for only a few minutes last night.,29,2,1765365193.0,0.91,False,i.redd.it
1piztdu,pics,[OC] When architecture and the night sky collaborate.,184,7,1765364575.0,0.94,False,i.redd.it
1pixz82,pics,[OC] The London Cable car seen from the DLR,7,1,1765357480.0,0.63,False,i.redd.it
1pivtue,pics,[OC]My Winter Guests,15,0,1765349170.0,0.76,False,reddit.com
1pivnh2,pics,the beautiful browns of the juvenile bald eagle (oc),11,2,1765348560.0,0.74,False,reddit.com
1pivmab,pics,[OC] Water Lilly,25,0,1765348459.0,0.97,False,i.redd.it
1piv9ii,pics,My attempt at a romantic painting [OC],87,7,1765347213.0,0.93,False,i.redd.it
1piuore,pics,"[OC] Pentas lanceolata, shot on my Samsung Galaxy S24",5,1,1765345252.0,0.73,False,i.redd.it
1piuhfk,pics,[OC] Maybe its grandson reincarnated and came back to finish the story,0,4,1765344567.0,0.42,False,reddit.com
1piufdi,pics,Big Tujunga Dam [OC],22,6,1765344378.0,0.88,False,i.redd.it
1pitojb,pics,"[OC] Singa Putih , White Lion",48,0,1765341960.0,0.89,False,i.redd.it
1pitfnu,pics,[OC] Stanley Mosk Courthouse,10,2,1765341177.0,0.79,False,i.redd.it
1pitdfk,pics,[OC] Picture I took with my camera 📸,3,0,1765340983.0,0.57,False,i.redd.it
1pit7p9,pics,Globus Indicator (INK) Mechanical Navigation System used in Soviet Vostok and Soyuz Spacecraft.,933,37,1765340499.0,0.98,False,i.redd.it
1pit2zw,pics,[OC] Picture of a Sandhill Crane I Took On My Phone,222,2,1765340093.0,0.99,False,i.redd.it
1pisznp,pics,President Donald Trump peeking at a teen model during the Look of the Year event (1991),14201,590,1765339810.0,0.92,False,i.redd.it
1pisshy,pics,[OC] I visited Scotland last December,232,10,1765339221.0,0.96,False,i.redd.it
1pis7xc,pics,"A forgotten pier, Philippines.",132,2,1765337522.0,0.94,False,i.redd.it
1pirotu,pics,[OC] There are two Santas in the picture lol,0,1,1765335987.0,0.24,False,i.redd.it
1piritn,pics,My son’s first Christmas,24,8,1765335519.0,0.62,False,i.redd.it
1pirf81,pics,"[OC] Red Rock Balloon Rally, Gallup, NM",40,3,1765335234.0,0.88,False,i.redd.it
1pipu28,pics,"My backpack randomly made the silhouette of Alfred Hitchcock, who has a famous silhouette.",523,23,1765330888.0,0.94,False,i.redd.it
1piosmq,pics,"[OC] “Do not talk to me about AI I will kill myself”, Tech Party, San Francisco.",11013,431,1765328081.0,0.91,False,reddit.com
1piol0q,pics,A rural market town on a cloudy Saturday,74,3,1765327499.0,0.95,False,i.redd.it
1piodz3,pics,"[OC] Pride, Oakland, California",51,12,1765326993.0,0.63,False,i.redd.it
1pins61,pics,[OC] some pics I took in Jordan🇯🇴,48,3,1765325416.0,0.86,False,reddit.com
1pinkap,pics,Toilets in Tokyo International Airport have instructions for proper squatting form,190,41,1765324849.0,0.87,False,reddit.com
1pincqb,pics,[OC] Christmas Fairs in Budapest,3,0,1765324300.0,1.0,False,reddit.com
1pilurv,pics,[OC] I got my picture taken over 100ft in the air while at work.,130,15,1765320508.0,0.89,False,i.redd.it
1piloxi,pics,[OC] I found a fly in my coffee cup while buying a wedding sherwani. That’s no good,0,6,1765320083.0,0.16,False,i.redd.it
1pilmhi,pics,[OC] Ruminating.,12,4,1765319916.0,0.72,False,reddit.com
1pillme,pics,Exploring Salzburg,58,7,1765319857.0,0.94,False,reddit.com
1pikfk5,pics,My first two triptychs,0,0,1765317115.0,0.38,False,reddit.com
1pik7ol,pics,[OC] The perfect cast,25,1,1765316560.0,0.9,False,i.redd.it
1pik5dv,pics,[OC]Didn’t expect to see this view when I turned the corner in the Swiss Alps.,66,15,1765316408.0,0.8,False,i.redd.it
1pik18v,pics,Everglades,54,4,1765316154.0,0.93,False,i.redd.it
1pijz9y,pics,[OC] Nature Is Beautiful (scooter found on a trail),20,2,1765316033.0,0.82,False,i.redd.it
1pijqoj,pics,"“Best Friends Forever” statue of Donald Trump (left) and Jeffrey Epstein (right) in Washington, D.C.",30545,191,1765315539.0,0.95,False,i.redd.it
1pijn4k,pics,"“Perfect Paint Blob”, squeezed right out of the tube. Circa 2013.",41,6,1765315258.0,0.79,False,i.redd.it
1pijbyo,pics,The Hidden Eridanus Loop Unveiled [OC],179,21,1765314433.0,0.98,False,i.redd.it
1pij52o,pics,[OC] - vampy test post,4,2,1765314006.0,0.7,False,i.redd.it
1piiqhx,pics,OC: Rock legend Gene Simmons arrives to speak at Senate hearing,0,14,1765313108.0,0.25,False,i.redd.it
1piin71,pics,(OC) I'm embarrassed to say I didn't know how to use the seashells,11,17,1765312905.0,0.58,False,i.imgur.com
1pihuou,pics,Some of my favorite shots [OC],21,5,1765311085.0,0.82,False,reddit.com
1pihjbi,pics,Seen in a Upper Midwest Hotel Room. Lots of planning on this one.,0,1,1765310389.0,0.31,False,i.redd.it
1piha6o,pics,Some pics of Gdańsk that I made! [OC],11,2,1765309828.0,0.71,False,reddit.com
1pih8zn,pics,Autumn Leaves in the Trees [oc],7,0,1765309757.0,0.88,False,i.redd.it
1pigwji,pics,Wheel well of a brand new Boeing 737 Max,18348,991,1765308976.0,0.98,False,reddit.com
1pigf74,pics,(OC) This is how thick an M60 tank armour is,4823,158,1765307950.0,0.99,False,i.redd.it
1pifm69,pics,[OC] hello to the moon,49,0,1765306192.0,0.9,False,i.redd.it
1pifi52,pics,Eyes on ICE!  [OC],6108,270,1765305958.0,0.95,False,i.redd.it
1pif6st,pics,Suburban deer [OC],20,1,1765305157.0,0.76,False,i.redd.it
1piep8w,pics,[OC] Cute tracks on this old barn roof.,11,1,1765303889.0,0.84,False,i.redd.it
1piep5v,pics,Peepers the cat living his best life. OC,51,0,1765303883.0,0.87,False,i.redd.it
1pieo9g,pics,[OC] Photo I took on holiday a while back,2,0,1765303820.0,0.75,False,i.redd.it
1pie9xz,pics,I think Puddy is happy with today's Katnip delivery [OC],558,27,1765302927.0,0.96,False,i.redd.it
1pie99p,pics,[OC] Gorget feathers are amazing,262,10,1765302886.0,0.99,False,reddit.com
1pie2es,pics,[OC]: Skyward,3,2,1765302491.0,0.8,False,i.redd.it
1pica4n,pics,"Butter cakes, actie",0,0,1765298578.0,0.31,False,i.redd.it
1pic9eu,pics,[OC] My kids had fun in the snow,2,0,1765298533.0,0.58,False,i.redd.it
1pic79e,pics,"[OC] One of my first curve and color edits, opinions welcomed",10,2,1765298399.0,0.75,False,reddit.com
1pibpoo,pics,russia has attacked Ukraine’s energy system. Again.,4157,128,1765297311.0,0.96,False,reddit.com
1pibo5c,pics,Train on the bridge to Philadelphia,24,0,1765297214.0,0.85,False,i.redd.it
1pibk4f,pics,"Shoutout to my elementary school pen pal. Wherever you are, Wyatt, hope life’s been good to you.",4684,156,1765296963.0,0.98,False,reddit.com
1piacxh,pics,Fortesque Beach [2556x2556] [OC],25,2,1765294240.0,0.84,False,i.redd.it
1pia960,pics,My French bulldog Benson just celebrated his 12th birthday.,95,2,1765294002.0,0.9,False,i.redd.it
1pia7vc,pics,Music Hands,1,0,1765293924.0,0.6,False,i.redd.it
1pia68k,pics,"[OC] Made a large batch of noodle pasta, but I've got half a mind not to eat it now.",0,11,1765293817.0,0.47,False,i.redd.it
1pia26z,pics,Thousands rally in Vilnius against threat to media freedom,752,14,1765293558.0,0.99,False,i.redd.it
1pia098,pics,"The White House's ""Photo of the Week""",0,8,1765293429.0,0.15,False,i.redd.it
1pi9kir,pics,These are special crutches for people over 7',1,3,1765292383.0,0.52,False,i.redd.it
1pi8waq,pics,"""[OC]"" Female Velvet Ant",8,2,1765290749.0,0.8,False,i.redd.it
1pi8khc,pics,[OC]: Beach&amp;Boat,4,0,1765289898.0,0.7,False,i.redd.it
1pi8ict,pics,[OC] First lenticular cloud I’ve seen in person. December. South of Spain,386,26,1765289750.0,0.99,False,reddit.com
1pi8ef6,pics,Pink Flamingos,32,0,1765289467.0,0.91,False,i.redd.it
1pi7yv4,pics,Two fluffy pillows of happiness,9,1,1765288375.0,0.85,False,i.redd.it
1pi7q1m,pics,"[OC] Chichén Itzá, Tinum, Mexico",68,8,1765287737.0,0.92,False,i.redd.it
1pi7ml7,pics,"Neat things 368; one of my oldest ornaments, &amp; a personal favorite.",7,2,1765287484.0,0.67,False,i.redd.it
1pi7ecl,pics,[OC] My first art exhibition! The artwork was pre-selected for a prize but didn’t win,16,1,1765286875.0,0.75,False,reddit.com
1pi7d7q,pics,"Luigi Mangione in New York Supreme Court yesterday Dec 8, 2025",71329,3208,1765286789.0,0.79,False,i.redd.it
1pi6rni,pics,"(OC) Pont-à-Mousson, France.",6,0,1765285157.0,0.81,False,i.redd.it
1pi6exv,pics,“El Tajin” my favorite archaeological site in Mexico.,82,5,1765284089.0,0.98,False,reddit.com
1pi67k2,pics,"Winston Churchill, President Truman and Joseph Stalin shaking hands at the Potsdam Conference (1945)",1276,69,1765283443.0,0.98,False,i.redd.it
1pi60vz,pics,[OC] Abstract art.,1035,19,1765282856.0,0.98,False,i.redd.it
1pi5u0l,pics,[OC] Big cats look at your soul,263,6,1765282242.0,0.99,False,i.redd.it
1pi54qj,pics,"Sunflower, hand cut paper art",8,0,1765279833.0,0.9,False,i.redd.it
1pi4xso,pics,[OC] first snow of the season,21,1,1765279141.0,0.94,False,i.redd.it
1pi4wpi,pics,Just me hanging out with the flock I painted [OC],312,29,1765279027.0,0.86,False,reddit.com
1pi48au,pics,[OC] Hummingbird,27,3,1765276586.0,0.9,False,i.redd.it
1pi43fn,pics,Just unseen part of the land of Pharos,25,1,1765276072.0,0.92,False,i.redd.it
1pi32x3,pics,A bleu excavator,8,10,1765272164.0,0.63,False,i.redd.it
1pi1y25,pics,[OC] denim in the workplace.,0,6,1765267494.0,0.47,False,i.redd.it
1pi1tsk,pics,[OC] Double Rainbow In My City,55,6,1765267017.0,0.93,False,i.redd.it
1pi10vd,pics,Orion from my backyard,103,3,1765263856.0,0.96,False,i.redd.it
1pi0fq9,pics,Night and day in one shot.,37,2,1765261758.0,0.91,False,i.redd.it
1pi05uv,pics,"small in stature, large in spirit (oc)",24,4,1765260836.0,0.93,False,reddit.com
1phzw28,pics,Los Angeles from the hills 🤜🤛 [oc],19,3,1765259928.0,0.81,False,i.redd.it
1phz2no,pics,[OC] Moody kitty,10,1,1765257058.0,0.79,False,i.redd.it
1phyvj5,pics,[OC] AWU3,0,0,1765256283.0,0.2,False,i.redd.it
1phxkmt,pics,The day,91,8,1765252093.0,0.8,False,i.redd.it
1phxj66,pics,Such the Huntress. Christmas Kitty.,17,0,1765251969.0,0.88,False,i.redd.it
1phxca1,pics,Hirshhorn Museum,35,1,1765251397.0,0.93,False,reddit.com
1phxb6u,pics,[OC] Philadelphia Holiday Market tonight. Was cold but wonderful.,14,0,1765251306.0,0.79,False,i.redd.it
1phxaur,pics,[OC] A city in India : Hyderabad,0,8,1765251278.0,0.24,False,i.redd.it
1phx4s9,pics,Ocean View,9,0,1765250771.0,0.78,False,i.redd.it
1phx182,pics,Stink Eye,81,7,1765250480.0,0.95,False,i.redd.it
1phwpcz,pics,[OC] Everyone say Hi to this good girl!!!,43,3,1765249539.0,0.81,False,i.redd.it
1phwn7l,pics,"Long exposure, Metro",15,0,1765249367.0,0.75,False,i.redd.it
1phvlih,pics,Two Different Generations Street Moments (OC),11,0,1765246458.0,0.75,False,i.redd.it
1phvlgo,pics,"Winter's Song, Me (OC), Photography, 2025",2,0,1765246454.0,0.76,False,i.redd.it
1phveg8,pics,OC Recreating a childhood photo.🥰 My only proof I played violin.,0,0,1765245901.0,0.48,False,i.redd.it
1phus2m,pics,[OC] Spent the weekend painting flowers and birds,61,7,1765244165.0,0.92,False,i.redd.it
1phuk8t,pics,Found some old currency notes in cupboard.,9,0,1765243568.0,0.78,False,i.redd.it
1phuitl,pics,Unedited pic I took of my dog in my mom’s poorly lit house,112,5,1765243454.0,0.87,False,i.redd.it
1phtp5s,pics,Took it from the Zoo of San Diego i kinda liked it [OC],14,1,1765241237.0,0.84,False,i.redd.it
1phto5c,pics,Took this picture of some sea foam splashing over the shell covered beach,19,1,1765241161.0,0.81,False,i.redd.it
1pht5h1,pics,"2nd Ave New York, NY",28,0,1765239754.0,0.84,False,i.redd.it
1pht29m,pics,"97% Tip, Happy Holidays!!",0,13,1765239528.0,0.41,False,i.redd.it
1phsb8n,pics,"[OC] Grey Monday - Berlin, 09.12.2025",7,0,1765237581.0,0.82,False,i.redd.it
1phs2fe,pics,Just put some gifts under the Christmas Cactus,56,12,1765236949.0,0.86,False,i.redd.it
1phro4b,pics,Film (bottom) vs digital (top),6393,195,1765235912.0,0.95,False,i.redd.it
1phrmb6,pics,ORANGE the cat has no explanation,21,6,1765235782.0,0.7,False,reddit.com
1phrm0q,pics,[OC] View through the window of SpaceX Dragon,15,2,1765235761.0,0.84,False,i.redd.it
1phrhuj,pics,Cypress Tree Tunnel at Point Reyes National Seashore,79,1,1765235462.0,0.98,False,i.redd.it
1phrb4w,pics,[OC] My toilet looks like a frog,7,7,1765234985.0,0.58,False,i.redd.it
1phr98h,pics,WOW had to capture this in December in Michigan,2,0,1765234865.0,0.55,False,reddit.com
1phr4aq,pics,Kölner Dom,241,1,1765234528.0,0.98,False,i.redd.it
1phr2s5,pics,OC work views,17,3,1765234427.0,0.83,False,reddit.com
1phr02x,pics,Sunset over Santiago Chile (OC),9,0,1765234249.0,0.82,False,i.redd.it
1phqmz7,pics,My little-old-lady dog is keeping up holiday spirits while helping with presents,130,2,1765233350.0,0.91,False,reddit.com
1phq3gx,pics,"Anti-ICE Protest - Salt Lake City, Utah 12/7/2025 [OC]",2372,32,1765232072.0,0.96,False,reddit.com
1phpysn,pics,I get it,34,9,1765231761.0,0.71,False,reddit.com
1phphy0,pics,Live-action Tom and Jerry,46,2,1765230671.0,0.9,False,i.redd.it
1php9xr,pics,[OC] Sign at the Atlanta Airport got me feeling a certain kinda way,0,3,1765230144.0,0.36,False,i.redd.it
1phoryg,pics,[OC]  A poster shop,9,0,1765228985.0,0.75,False,i.redd.it
1phompv,pics,[OC] One queen to rule them all.,14,3,1765228647.0,0.59,False,i.redd.it
1phoel6,pics,Most beautiful valley in Bosnia &amp; Herzegovina.,61,0,1765228122.0,0.95,False,reddit.com
1pho01g,pics,Shots from the King Tide,9,0,1765227211.0,0.78,False,reddit.com
1phnsci,pics,"[OC] Double, double, purr and trouble; tiny witch makes cauldron bubble",24,1,1765226731.0,0.77,False,i.redd.it
1phnngi,pics,[OC] Scott’s View - Scottish Borders 🏴󠁧󠁢󠁳󠁣󠁴󠁿,6,1,1765226430.0,0.68,False,reddit.com
1phn77h,pics,"Clouds,palm trees and the ocean breeze! (OC)",8,0,1765225418.0,0.8,False,reddit.com
1phmuom,pics,[OC] Christmas in Switzerland,402,41,1765224629.0,0.91,False,reddit.com
1phmkbb,pics,"''Dozing Donny'' during Cabinet meeting (Donald J. Trump, 45th &amp; 47th U.S. President), Dec 4th 2025",46473,1173,1765223993.0,0.93,False,i.redd.it
1phlx7s,pics,"Looking back, this is the painting I’m most proud of from the past year. ‘Blue Movie’ [OC]",1711,55,1765222559.0,0.97,False,i.redd.it
1phlnr9,pics,Not the gumdrop buttons!,6,2,1765221966.0,0.6,False,reddit.com
1phlexz,pics,"Joshua Tree,Ca",28,0,1765221402.0,0.92,False,i.redd.it
1phkyea,pics,The Hat [oc],9,7,1765220398.0,0.71,False,i.redd.it
1phktiw,pics,[OC] Random summer day,13,1,1765220102.0,0.78,False,i.redd.it
1phkk7u,pics,[OC] Motorcycle in night with cross,7,0,1765219527.0,0.66,False,i.redd.it
1phkdto,pics,"my brother put a roof put over his terrace, feels like a high end restaurant now.",822,21,1765219125.0,0.97,False,i.redd.it
1phkbvd,pics,Mom Wanted a Tuna Salad.  Her First Thai Restaurant.,430,43,1765219003.0,0.88,False,i.redd.it
1phjnj0,pics,[OC] random wiew from Turkey,17,1,1765217483.0,0.88,False,i.redd.it
1phirt5,pics,"[OC] My Great Granfather in WW1, fatally wounded in the Pas-de-Calais",235,8,1765215548.0,0.95,False,reddit.com
1phh1ms,pics,A cool duck on the Puget Sound (Barrow's Goldeneye),26,6,1765211685.0,0.89,False,i.redd.it
1phgm31,pics,"[OC] We only buy ornaments made in USA or country of origin. Spot your state, country, and favorite!",0,7,1765210689.0,0.4,False,reddit.com
1phggck,pics,[OC] view from the top of the Eiffel Tower,133,3,1765210333.0,0.99,False,i.redd.it
1phg4ex,pics,[OC] Trying to read but my lamp looks concerned for my life,0,4,1765209604.0,0.35,False,i.redd.it
1phfrtc,pics,i took my best concert photo,4,3,1765208818.0,0.56,False,i.redd.it
1phfkjt,pics,[OC] midnight at the rice bowl :),4,0,1765208360.0,0.76,False,i.redd.it
1phfhu7,pics,"My best photo. High res, 4 tile mosaic of the Orion Nebula.",58,4,1765208187.0,0.93,False,i.redd.it
1phfg1g,pics,[OC] Jupiter Island Fl This Rainy December Morning,2,0,1765208074.0,0.63,False,imgur.com
1phev4z,pics,Sakura the Canadian Shetland dog playing in the snow at -20°C (-4°F),58,2,1765206724.0,0.89,False,reddit.com
1phejx1,pics,[OC] christmas in my town,12,2,1765206059.0,0.82,False,reddit.com
1phe77j,pics,[OC] outside my gym today,53624,1609,1765205202.0,0.97,False,i.redd.it
1phe6gi,pics,Interesting marketing... (OC),102,114,1765205151.0,0.67,False,i.redd.it
1phdxjo,pics,[OC] captured this on a chill evening in switzerland,31,1,1765204535.0,0.9,False,reddit.com
1phdgfs,pics,Monument Valley,18,0,1765203316.0,0.85,False,i.redd.it
1phde63,pics,Just discovered an ancient relic in my parking lot.,3125,205,1765203157.0,0.98,False,i.redd.it
1phd7dz,pics,(OC) The crickets were choosing a new leader,54,9,1765202673.0,0.92,False,i.redd.it
1phcp0u,pics,"Argus Newspaper 5.11.1981 - Solon, a long-haired black Persian",30,6,1765201343.0,0.8,False,i.redd.it
1phc34x,pics,[OC] Pic taken last year,70,0,1765199652.0,0.93,False,i.redd.it
1phbvid,pics,Christmas pyrotechnics in Mexico... It's better not to smoke nearby!,7,5,1765199050.0,0.6,False,reddit.com
1phb7hg,pics,[OC] Morning sunrise on a street in Tokyo,22,1,1765197078.0,0.93,False,i.redd.it
1phb3it,pics,"[OC] Christmas tree decorating, DIY ornament",3,0,1765196735.0,0.67,False,i.redd.it
1phasbs,pics,"Along the ridges of Mount Summano, where stone meets sky and silence becomes as clear as the mountai",4,0,1765195732.0,0.68,False,i.redd.it
1phaojn,pics,A kaiser bun in black and white,6,1,1765195379.0,0.63,False,i.redd.it
1phaazw,pics,[OC] I'm a courtroom sketch artist who attended Luigi Mangione's pre-trial hearing last week.,35377,482,1765194129.0,0.94,False,i.redd.it
1ph9vbi,pics,[OC] Peaceful cloudy sunrise,2,1,1765192587.0,0.67,False,i.redd.it
1ph9elh,pics,[OC] these birds made some big nests.,376,15,1765190911.0,0.98,False,reddit.com
1ph9e4q,pics,“Know your cricket terms” poster from 1949. Quite astonishing the explicit racism and misogyny,6,8,1765190860.0,0.55,False,i.redd.it
1ph8nzh,pics,If you understand you understand,0,3,1765188134.0,0.26,False,i.redd.it
1ph8emt,pics,[OC] Rare sun halo spotted,15,1,1765187153.0,0.82,False,i.redd.it
1ph85m3,pics,A windmill and the top of a house in black and white,2,0,1765186133.0,0.63,False,i.redd.it
1ph7xnz,pics,[OC] A goan sunset,17,1,1765185238.0,0.89,False,i.redd.it
1ph7x3l,pics,[OC] A forest road in our area,20,0,1765185175.0,0.85,False,i.redd.it
1ph7qbk,pics,Beautiful Flowers ❤️🔐 {OC},2,0,1765184424.0,0.59,False,i.redd.it
1ph71tq,pics,"the settlement of Avdiivka, Ukraine",2208,73,1765181639.0,0.97,False,i.redd.it
1ph6mvq,pics,[OC] Absolutely nobody is getting that nut!!! 🏴󠁧󠁢󠁳󠁣󠁴󠁿,36,6,1765180025.0,0.87,False,i.redd.it
1ph63dw,pics,Terraza Neptuno - Santiago Chile (OC),13,0,1765177908.0,0.85,False,i.redd.it
1ph5rnk,pics,Saw this huy at the Park last weekend,57,1,1765176690.0,0.94,False,i.redd.it
1ph5cnk,pics,[OC] Picked these two flowers this morning. Couldn’t believe how perfect they looked together,68,1,1765175174.0,0.92,False,i.redd.it
1ph58fh,pics,[OC] Horse,14,2,1765174750.0,0.81,False,i.redd.it
1ph584t,pics,[OC] Suburban star field.,6,0,1765174718.0,1.0,False,i.redd.it
1ph56xo,pics,picture i took of a hummingbird on my walk to work [OC],7,0,1765174600.0,0.83,False,i.redd.it
1ph56v8,pics,[OC] Two little souls finding warmth in cold,31,1,1765174594.0,0.93,False,reddit.com
1ph56mb,pics,"I,ve take this photo while camping after sunset",7,0,1765174569.0,0.82,False,i.redd.it
1ph4dte,pics,[OC] My Plan In my Live!,4,2,1765171822.0,0.59,False,i.redd.it
1ph3phq,pics,Eagle and Crow (oc),36,7,1765169703.0,0.89,False,reddit.com
1ph3giz,pics,"Jumbe, the Eastern black Rihno at Cheyenne Mountain Zoo",146,3,1765168920.0,0.96,False,reddit.com
1ph3fl5,pics,[OC] My Christmas tree box is insulting me.,4,0,1765168838.0,0.67,False,i.redd.it
1ph2slt,pics,Three Trees [oc],18,0,1765166875.0,0.89,False,i.redd.it
1ph2pny,pics,This chill bro OC!,36,8,1765166628.0,0.84,False,i.redd.it
1ph2ngk,pics,"The receding floodwater in Hoi An, Vietnam",24,0,1765166449.0,0.9,False,i.redd.it
1ph2at3,pics,[OC] Caught this view on my flight today.,26,1,1765165377.0,0.83,False,i.redd.it
1ph200x,pics,[OC] Sunshine though the showers Vancouver Island,43,0,1765164471.0,0.91,False,i.redd.it
1ph0qne,pics,[OC] A Black Vulture hitting the brakes at the exact moment before touch-down.,38,0,1765160700.0,0.93,False,i.redd.it
1ph0ix2,pics,Three Mile Island Today (OC),832,81,1765160072.0,0.98,False,i.redd.it
1ph0di1,pics,Goodyear Blimp Hanger.,68,8,1765159643.0,0.91,False,reddit.com
1ph03gn,pics,[OC] Picture that I took camping in Wisconsin,30,2,1765158854.0,0.84,False,i.redd.it
1ph01p7,pics,[oc] some bread i was making today,12,0,1765158708.0,0.87,False,i.redd.it
1pgzhtk,pics,"OC saw this on the way to the gas station, anyone lose their apple (question mark)",0,0,1765157120.0,0.38,False,i.redd.it
1pgz8gh,pics,OC - Last Night in Wicker Park,6,4,1765156377.0,0.8,False,reddit.com
1pgyft2,pics,"Norton I, Emperor or the United States and Protector of Mexico",3426,174,1765154141.0,0.98,False,i.redd.it
1pgyazz,pics,OC Another old safe with no combo. 🤞,271,77,1765153771.0,0.82,False,i.redd.it
1pgy5ku,pics,[OC] Thank you; it's a great honor,10386,143,1765153350.0,0.96,False,i.redd.it
1pgxuyl,pics,[OC] The Frasier Fir Christmas tree we got today has pinecones,4,1,1765152528.0,0.63,False,reddit.com
1pgxlu5,pics,About to jump the shark,778,105,1765151844.0,0.92,False,i.redd.it
1pgxg0u,pics,"Sunset over White Lake, Whitehall Mi. These pics are untouched or not doctored.",31,4,1765151396.0,0.88,False,reddit.com
1pgxfbe,pics,[OC] God’s Canvas,0,5,1765151342.0,0.46,False,reddit.com
1pgxdca,pics,Celebrated two months of sobriety by taking myself on a ‘good job me’ trip to Colorado,1466,45,1765151186.0,0.98,False,i.redd.it
1pgxcr1,pics,[OC] Recent trip to the Grand Canyon,37,3,1765151142.0,0.86,False,reddit.com
1pgwm3p,pics,[OC] Postpartum stomach with seatbelt sign,0,5,1765149136.0,0.19,False,i.redd.it
1pgwhei,pics,Something familiar about these new postal vans...,1717,117,1765148774.0,0.97,False,i.redd.it
1pgwaiy,pics,[OC] Old wooden barns in the autumn fog...,76,0,1765148274.0,0.96,False,i.redd.it
1pgv1or,pics,[OC] Soccor field is wet so someone decided to try a shop vac,0,18,1765145114.0,0.47,False,i.redd.it
1pgu2mf,pics,My wife passed from cancer. She was always on me to fasten my seat belt. I got the last word.,73632,928,1765142717.0,0.88,False,i.redd.it
1pgtbnq,pics,"[OC] Got a cease and desist from Corey Feldman, we're still releasing the movie.",0,52,1765140890.0,0.45,False,i.redd.it
1pgt78t,pics,Catching winter.,33,4,1765140590.0,0.89,False,i.redd.it
1pgsxx2,pics,[OC] Evening in El Paso 2023,11,0,1765139951.0,0.88,False,i.redd.it
1pgswzj,pics,First month of 3d printing and me and the kids are basically having too much fun.,99,14,1765139889.0,0.87,False,i.redd.it
1pgs8dg,pics,“OC” A juvenile Red tail resting on the back fence.,86,4,1765138203.0,0.98,False,i.redd.it
1pgs717,pics,[OC] A never activated nuclear plant in Washington State,4237,277,1765138115.0,0.98,False,reddit.com
1pgs6g4,pics,[OC] KEGSBREATH- WAR CRIMINAL - Seen in Cleveland yesterday,813,3,1765138076.0,0.97,False,i.redd.it
1pgrog4,pics,"[OC] When you need to have a chart like this, maybe you have too many models.",95,25,1765136892.0,0.75,False,i.imgur.com
1pgr1yx,pics,Trump feeling proud of receiving his Peace Award from Gianni Infantino,6893,1574,1765135422.0,0.91,False,i.redd.it
1pgquc1,pics,[oc] Mushroom I saw while walking.,20,6,1765134943.0,0.82,False,i.redd.it
1pgqe9o,pics,[OC] Photographing the colors of our atmosphere from space,44,4,1765134139.0,1.0,False,i.redd.it
1pgq5k0,pics,"[OC] Scenes from a ‘No War on Venezuela’ Protest in LA, Saturday 12/6 — a national day of action",171,14,1765133577.0,0.89,False,reddit.com
1pgpyoa,pics,Congratulations to whoever left this by the side of the road…,1987,103,1765133116.0,0.96,False,i.redd.it
1pgprzp,pics,[OC] Found While Walking Through Town,3,3,1765132663.0,0.58,False,i.redd.it
1pgpirs,pics,[OC] Longest train platform in Australia (455m),23,6,1765132048.0,0.84,False,i.redd.it
1pgoxis,pics,"USS Missouri: You can see where WWII ended for the world, overlooking where it began in the US [OC]",942,94,1765130632.0,0.94,False,i.redd.it
1pgora8,pics,(OC) Nancy : Mise en place sapin place Stan,5,0,1765130231.0,0.73,False,i.redd.it
1pgoq73,pics,Deer Outside My House Framing Old Birdhouse,13,1,1765130160.0,0.93,False,i.redd.it
1pgomed,pics,"[OC] Lago di Piediluco, Italy, 2018",14,0,1765129897.0,0.95,False,i.redd.it
1pgob50,pics,Pearl Harbor - 84 years ago today,661,49,1765129162.0,0.96,False,i.redd.it
1pgo4fa,pics,Brian broken,0,5,1765128700.0,0.2,False,i.redd.it
1pgng23,pics,[OC] A Portuguese Trip!,10,1,1765127093.0,0.92,False,reddit.com
1pgnce7,pics,Mt Rainier Ntl Park [OC],32,0,1765126850.0,0.92,False,i.redd.it
1pgn8qc,pics,[OC] Island Night Sky on an iPhone,29,2,1765126612.0,0.9,False,i.redd.it
1pgmsm9,pics,"Do as mommy says. If you don’t, those teenagers will infect others with their lascivious hedonism.",0,2,1765125545.0,0.24,False,i.redd.it
1pgm8tt,pics,Happy Scooby Sunday.,107,8,1765124177.0,0.85,False,i.redd.it
1pgl46l,pics,"[OC] Visiting Austria, had to double take...",107,10,1765121449.0,0.97,False,i.redd.it
1pgkjwp,pics,"[oc] nice cold Sunday, but the Panorama is pretty good!",79,4,1765120047.0,0.98,False,i.redd.it
1pgjv9b,pics,Vancouver Island,14,2,1765118309.0,0.74,False,i.redd.it
1pgju2j,pics,"I returned to New Guinea, to a very remote atoll for a month long trip, living off the ocean.",43888,1817,1765118223.0,0.91,False,reddit.com
1pgjlch,pics,Making a Christmas Ornament for the contest at work. 🎅 💀,42,3,1765117592.0,0.83,False,reddit.com
1pgiqc6,pics,OC: European black out. Iphone pic,54,14,1765115191.0,0.75,False,i.redd.it
1pgippd,pics,"[OC] Opened a dessert at lunch and, to my surprise, was greeted by a smily face :)",335,21,1765115139.0,0.87,False,reddit.com
1pgijr0,pics,"[OC] A picture from my most recent trip to Vila Nova de Gaia, Portugal.",20,0,1765114651.0,0.93,False,i.redd.it
1pgihm1,pics,OC Camping on Lake Superior,10,1,1765114475.0,0.77,False,i.redd.it
1pgi50q,pics,[OC] shadows can be beautiful too,17,1,1765113419.0,0.84,False,reddit.com
1pgi3bo,pics,Decaying church is Scary-Gary Indiana (OC),358,63,1765113278.0,0.96,False,i.redd.it
1pgh3cw,pics,"Bearded man, portrait photograph",0,1,1765110116.0,0.3,False,i.redd.it
1pgh2e5,pics,[OC] A tree enveloping a lantern.,11,1,1765110024.0,0.84,False,i.redd.it
1pggy1p,pics,Just an Idaho man taking his goats for a walk,30,1,1765109611.0,0.91,False,reddit.com
1pggjjs,pics,Rochdale Town Hall’s Great Hall,20,2,1765108219.0,0.86,False,i.redd.it
1pggfqy,pics,Wilderness hiking with my son,37,10,1765107832.0,0.88,False,reddit.com
1pgg8z3,pics,"[OC] MAKE CHILD RAPE WRONG AGAIN - Seen in Cleveland, Oh",11370,58,1765107116.0,0.99,False,i.redd.it
1pgfzqt,pics,The Irony,30250,706,1765106128.0,0.94,False,i.redd.it
1pgfir2,pics,[OC] scored my first piece of sailor Venus merch.,0,0,1765104345.0,0.31,False,i.redd.it
1pgfdn0,pics,[OC] Tis’ the season (Krampuslauf 2025),14,0,1765103802.0,0.94,False,i.redd.it
1pgf8u9,pics,My cat had been acting skittish and I couldn't work out why.,4046,168,1765103283.0,0.97,False,i.redd.it
1pgetv8,pics,The Husky and The Wolf: Side-By-Side,2416,136,1765101699.0,0.96,False,i.redd.it
1pgepev,pics,[OC] My Ugly Christmas Sweater!,208,11,1765101250.0,0.99,False,i.redd.it
1pgejk4,pics,"A windmill with a smaller size in Leiden ZH, The Netherlands",21,1,1765100631.0,0.8,False,i.redd.it
1pgea9f,pics,My university's dining hall food for today (student's day) ≈$0.22,225,67,1765099621.0,0.81,False,i.redd.it
1pgduwk,pics,This image is from one of my Body Paint photoshoots,1347,61,1765098007.0,0.7,False,i.redd.it
1pgcl8r,pics,OC   rufous hummingbird in fireweed,14,3,1765093049.0,0.84,False,i.redd.it
1pgcelm,pics,"Photo taken at one of my college parties, 2015",15,10,1765092325.0,0.58,False,i.redd.it
1pgb3rb,pics,My art wall made from my children’s drawings and paintings,50,7,1765087661.0,0.92,False,reddit.com
1pgatqr,pics,[OC] saw this billboard today 😭,579,288,1765086698.0,0.82,False,i.redd.it
1pgamrq,pics,[OC] Los Angeles Jan 2020,68,14,1765086029.0,0.9,False,i.redd.it
1pgahmx,pics,My maternal grandfather’s Army pics during WWII,12,0,1765085538.0,0.79,False,i.redd.it
1pgaanx,pics,"[OC] Old Sacramento today, first real attempt at Street Photography",48,9,1765084893.0,0.9,False,reddit.com
1pga69n,pics,My puppycan also sleep through cabinet meetings regarding public policy,12,0,1765084488.0,0.78,False,i.redd.it
1pg9mjk,pics,My dog and cat won the fake peace prize as well. We were very disappointed to hear they won.,666,9,1765082742.0,0.95,False,reddit.com
1pg8oa9,pics,OC 43/m Solo Christmas,37,2,1765079732.0,0.9,False,i.redd.it
1pg8n59,pics,Holiday Spirit - All Lit Up!,53,14,1765079629.0,0.91,False,i.redd.it
1pg8fnc,pics,[OC] This is my painting of a windy day on a rocky hill,40,3,1765078960.0,0.87,False,i.redd.it
1pg8c1j,pics,"Donald Trump with The Dells (Michael and Susan) at White House launching his new scam, Trump Account",42427,5564,1765078645.0,0.86,False,i.redd.it
1pg8ae4,pics,"[OC] some incredible art in Vila Nova de Gaia, Portugal",157,11,1765078504.0,0.99,False,i.redd.it
1pg88ci,pics,[OC] Casa Vicens,16,0,1765078327.0,0.89,False,i.redd.it
1pg7zxd,pics,[OC] A friend I made while hiking in northern CA,8,1,1765077605.0,0.69,False,i.redd.it
1pg7l8q,pics,"Ice in New Orleans, Nov-Dec                                               (OC)",154,0,1765076373.0,0.9,False,i.redd.it
1pg6yim,pics,Yin Yang oyster shells I found while walking the beach,41,5,1765074472.0,0.85,False,i.redd.it
1pg6mw0,pics,[OC] Beautiful Gray Evening Lake Wylie Charlotte NC,21,1,1765073501.0,0.9,False,i.redd.it
1pg50g6,pics,This guy was protesting a mile up the road from that Charlie Kirk memorial highway sign in FL (OC),2601,36,1765068640.0,0.97,False,i.redd.it
1pg4zo3,pics,"Ben Franklin Bridge Philladelphia, PA on a calm night",74,8,1765068582.0,0.94,False,i.redd.it
1pg4nka,pics,Pelican in California [oc],20,1,1765067647.0,0.86,False,i.redd.it
1pg4nca,pics,"[OC] SIS/mi6, london",12,1,1765067630.0,0.82,False,reddit.com
1pg4mwd,pics,[OC]A fraction of the strollers lining the walkways of Disneyland during one of their slowest weeks,5711,213,1765067594.0,0.92,False,i.redd.it
1pg4mlo,pics,[OC] This dude is 10 years old today!,593,34,1765067571.0,0.98,False,i.redd.it
1pg45eu,pics,[OC] Gorgeous Saturday evening,25,1,1765066216.0,0.91,False,reddit.com
1pg3gcm,pics,[OC] I took my daughter to a music festival,129,19,1765064294.0,0.78,False,i.redd.it
1pg2md0,pics,National Gallery of Art,15,4,1765062034.0,0.76,False,reddit.com
1pg2jfm,pics,"[OC] Scenes from a “People Over Billionaires” Rally &amp; March Down Rodeo Drive, in Beverly Hills",319,21,1765061813.0,0.87,False,reddit.com
1pg2ctq,pics,"[OC] IS TRUMP ON LEQEMBI - Seen in Cleveland, Ohio today!",10650,684,1765061318.0,0.94,False,i.redd.it
1pg24gb,pics,[OC] Bicycle rack at the local Walmart,21,2,1765060699.0,0.75,False,i.redd.it
1pg1sqa,pics,The bicycle rack at the local Walmart [OC],0,5,1765059827.0,0.31,False,i.redd.it
1pg1oty,pics,[OC] My UBER driver watched YouTube videos while driving me,0,55,1765059538.0,0.44,False,i.redd.it
1pg1mno,pics,OC: These are pics I took with my Lumix S9 with 20mm-60mm lens.,0,0,1765059379.0,0.4,False,reddit.com
1pg1aow,pics,Sleepy Hollow mode on [OC],8,4,1765058499.0,0.9,False,i.redd.it
1pg166x,pics,[OC] they are so cute,24,3,1765058178.0,0.83,False,i.redd.it
1pg15y5,pics,[OC] Past couple months I felt like there was a dry scab inside my nose. I finally peeled it out.,0,10,1765058161.0,0.25,False,i.redd.it
1pg07pq,pics,Busy hound day,13,1,1765055698.0,0.8,False,i.redd.it
1pg01ju,pics,Amazon CEO Jeff Bezos partying with Ghislaine Maxwell at his exclusive Campfire Retreat (2018),32223,700,1765055252.0,0.97,False,i.redd.it
1pfzwy2,pics,Time for a paint job (OC). NYC 59th st,12,1,1765054909.0,0.94,False,i.redd.it
1pfzryh,pics,[OC] Eurasian Eagle Owl,81,4,1765054549.0,0.98,False,i.redd.it
1pfzbbf,pics,Elwood loves the ottoman,25,3,1765053348.0,0.74,False,reddit.com
1pfynbj,pics,"An intimidating look at Berlin illuminated at midnight in honor of Hitler’s 50th birthday, 1939",6441,179,1765051613.0,0.97,False,i.redd.it
1pfx9yr,pics,OC : montrez-moi la vôtre dans les commentaires,4,0,1765048212.0,0.64,False,i.redd.it
1pfwxse,pics,Pure Innocence,21,21,1765047388.0,0.67,False,i.redd.it
1pfwo46,pics,Happiness,2,0,1765046717.0,0.63,False,i.redd.it
1pfwgx2,pics,"[OC] A view of the Dhauladhars from Naddi Village, Himachal Pradesh, India",11,0,1765046227.0,0.92,False,reddit.com
1pfv1y8,pics,TJ the Super Tusker,328,8,1765042792.0,0.99,False,i.redd.it
1pfu590,pics,Camposilvano — along the ancient transhumance route. The branches frame the mountains like a natural,7,0,1765040563.0,0.82,False,i.redd.it
1pfu39z,pics,[OC] Zorro the Biker Dog,15,2,1765040440.0,0.79,False,i.redd.it
1pftync,pics,[OC] Comet C/2023 seen from the ISS,8,1,1765040119.0,0.8,False,i.redd.it
1pftv5b,pics,I wanted this until my wife translated,2386,175,1765039874.0,0.95,False,i.redd.it
1pftohv,pics,"I painted a post, a wave and a boat (oc)",324,22,1765039421.0,0.97,False,reddit.com
1pft7pq,pics,Balcony outside my hotel room,38107,1784,1765038266.0,0.96,False,i.redd.it
1pft0xg,pics,Winter wonderland,9,8,1765037777.0,0.68,False,i.redd.it
1pft0g3,pics,Acrylic on canvas 40*50 см «Winter Sunset: Where Cold and Warmth Meet in Color» (OC),52,6,1765037740.0,0.9,False,i.redd.it
1pfsxk2,pics,My mother finally got to sit on Santa's lap when she was 91 years old.,1082,27,1765037535.0,0.98,False,i.redd.it
1pfss5y,pics,[OC] Not sure which game my son’s been playing with Elf on the Shelf,3,4,1765037139.0,0.54,False,i.redd.it
1pfsn03,pics,[OC] Saw this live display model at a Christmas festival.,354,13,1765036781.0,0.95,False,i.redd.it
1pfsa2a,pics,"This week’s supermoon from west loop, Chicago",3,0,1765035819.0,0.81,False,i.redd.it
1pfs1f2,pics,[OC] My departure gate is in a wall,0,13,1765035201.0,0.38,False,i.redd.it
1pfrz39,pics,[OC] I saw Joe. I think he saw me too.,99117,2636,1765035034.0,0.93,False,i.redd.it
1pfrs88,pics,Saw this striking sky this morning on a gloomy day. ( OC),3,0,1765034537.0,0.81,False,i.redd.it
1pfrqfj,pics,[OC] Urban art,3159,51,1765034397.0,0.97,False,i.redd.it
1pfrlw7,pics,Ocean Park - Hong Kong,5,2,1765034056.0,0.62,False,i.redd.it
1pfrim5,pics,Neat things 367; dept 56 Walt Disney World village,0,0,1765033820.0,0.36,False,reddit.com
1pfql4k,pics,"Sunsetting on Mt. McKenzie near Saranac Lake, NY",23,0,1765031278.0,0.92,False,i.redd.it
1pfqgry,pics,"Juvenile Bald Eagle, Panama City Beach Fl.",12,1,1765030957.0,0.77,False,i.redd.it
1pfpx4f,pics,Red Rock,46,5,1765029442.0,0.92,False,i.redd.it
1pfpm7t,pics,Andaz Shenzhen Bay and Spring Bamboo Tower (OC),11,2,1765028585.0,0.87,False,i.redd.it
1pfpc36,pics,"Moody Waves, Oil painting 8"" x10"" (by me)",112,8,1765027758.0,0.94,False,reddit.com
1pfp205,pics,"A lovely sunrise at Ribblehead Viaduct, Yorkshire, UK. [OC]",409,15,1765026943.0,0.99,False,i.redd.it
1pfow4x,pics,"Robe, South Australia",20,0,1765026435.0,0.88,False,reddit.com
1pfof1l,pics,[OC] ten years I’ve had these should I start back up with photography or…,5,9,1765024954.0,0.61,False,reddit.com
1pfocmj,pics,The most American picture I’ve ever taken,467,41,1765024737.0,0.86,False,i.redd.it
1pfoc79,pics,Boeing KC-135 stratotanker,14,0,1765024698.0,0.89,False,i.redd.it
1pfo9lv,pics,American goldfinch staring from a branch,48,0,1765024455.0,0.94,False,i.redd.it
1pfo93i,pics,"OC : Voici mon sapin de Noël, envoyé moi le vôtre.",1,0,1765024406.0,0.55,False,i.redd.it
1pfo68b,pics,OC my history project i edited the image myself btw 💔💔,0,2,1765024148.0,0.31,False,i.redd.it
1pfo4e5,pics,OC farewell scene 💔,0,2,1765023972.0,0.29,False,i.redd.it
1pfo2cv,pics,[oc] one of our backyard hawks,28,2,1765023770.0,0.89,False,i.redd.it
1pfnl25,pics,Goalkeeper trainings pic,0,1,1765022123.0,0.29,False,i.redd.it
1pfmfle,pics,Train not passing through McDrive,0,1,1765017898.0,0.39,False,i.imgur.com
1pfm0sk,pics,We threw a birthday party for my dog and he loved it.,93,5,1765016292.0,0.88,False,reddit.com
1pflndc,pics,[OC] Colours of India,4,0,1765014886.0,0.63,False,reddit.com
1pflagd,pics,A bun and a doughnut,5,5,1765013482.0,0.59,False,i.redd.it
1pfkv81,pics,"Fighting the salt sea, warming up by the sun, listening to the sailors..timeless",4,0,1765011816.0,0.62,False,i.redd.it
1pfksli,pics,OC Giant's Causeway Northern Ireland,145,21,1765011542.0,0.96,False,reddit.com
1pfkoqb,pics,My university's dining hall food (≈ $0.22),2697,563,1765011100.0,0.92,False,i.redd.it
1pfkely,pics,My macro shot of lips and ice,85,15,1765009993.0,0.68,False,i.redd.it
1pfjr79,pics,"My grandparents January 30, 1956",16,1,1765007483.0,0.9,False,i.redd.it
1pfjos5,pics,"Mesmerizing spider threads, by Dr Martín Ramírez",53,5,1765007224.0,0.93,False,i.redd.it
1pfjc2t,pics,The moon over Napa’s Wine Country at 5 AM.,10,0,1765005901.0,0.83,False,i.redd.it
1pfitn4,pics,Winter,9,0,1765004015.0,0.81,False,reddit.com
1pfimsv,pics,Moonshadow,0,4,1765003331.0,0.4,False,i.redd.it
1pfimml,pics,Around the local creek,138,0,1765003314.0,0.99,False,i.redd.it
1pfi3fb,pics,Thanksgiving in Big Sur,87,7,1765001384.0,0.98,False,reddit.com
1pfi2ps,pics,Saw this shirt at a festival yesterday.,31488,343,1765001312.0,0.96,False,i.redd.it
1pfi1ln,pics,[OC] The ocean never disappoints!,0,8,1765001198.0,0.44,False,i.redd.it
1pfhz64,pics,[OC] Meet Chelsea. I just adopted her. She has cute floppy ears.,216,12,1765000950.0,0.91,False,reddit.com
1pfgnvo,pics,Coco does not want me to recycle her box (oc),251,16,1764996578.0,0.96,False,i.redd.it
1pfg3bm,pics,Christmas hound dog,10,2,1764994681.0,0.7,False,i.redd.it
1pffg46,pics,Got my Star Trek cookbooks and cocktails book in the mail.,9,4,1764992681.0,0.74,False,i.redd.it
1pff2y1,pics,Markings for concentration camp prisoners. Photo taken at the US Holocaust Memorial Museum.,7756,668,1764991535.0,0.96,False,i.redd.it
1pff2se,pics,iPhone 13 shenanigans. Still can't believe how these phones can bring life to these plants.,0,3,1764991522.0,0.4,False,i.redd.it
1pff1ay,pics,We bottled some of our Cry Baby hotsauce today and got to use our new bottle filling machine.,0,13,1764991397.0,0.44,False,reddit.com
1pfergo,pics,[OC] Moon from my backyard,10,1,1764990553.0,0.86,False,i.redd.it
1pfeg7z,pics,picture I took of a saw-whet owl (OC) and the painting another Redditor did of it (the second pic),90,2,1764989619.0,0.87,False,reddit.com
1pfebw5,pics,PsBattle: Peace Prize Battle,4,9,1764989255.0,0.61,False,i.redd.it
1pfdg10,pics,Florida 12/5/2025 9p,3,2,1764986610.0,0.59,False,i.redd.it
1pfcvx8,pics,Finally get to make homemade Sprite,188,20,1764984991.0,0.95,False,i.redd.it
1pfcr3t,pics,Tulsa’s cotton candy clouds [OC],10,1,1764984600.0,0.75,False,reddit.com
1pfcoqb,pics,Waikiki [OC],16,3,1764984407.0,0.84,False,i.redd.it
1pfcn1g,pics,Lottery isn't for everyone...,165,8,1764984265.0,0.92,False,i.redd.it
1pfcfif,pics,"Although not required, we found some cool old stamps for the kids Santa letters",23,3,1764983646.0,0.93,False,i.redd.it
1pfc8fe,pics,Vintage chicken,0,3,1764983085.0,0.5,False,i.redd.it
1pfbi0b,pics,Noticed this in my crawlspace after living in my house for almost 4 years,1781,355,1764981047.0,0.95,False,i.redd.it
1pfb541,pics,[OC] Saturn V Rocket casts a shadow on the clouds above,236,14,1764980051.0,0.99,False,i.redd.it
1pfb2rh,pics,Been stunned by this image Curiosity took on Mars since 10/10/12. Too much stretch for wind erosion.,0,9,1764979876.0,0.37,False,i.redd.it
1pfanli,pics,cowardICE,735,31,1764978770.0,0.92,False,i.redd.it
1pfaf7y,pics,About to clean up the windfall apples,31,11,1764978142.0,0.92,False,i.redd.it
1pfabbo,pics,"Robe, SA, Australia, has blown us away with stunning views and aqua marine waters [OC]",14,3,1764977848.0,0.95,False,reddit.com
1pfab3c,pics,[OC] Free palestine writing i found while on a trip to romania,0,4,1764977829.0,0.38,False,i.redd.it
1pfa9f0,pics,[OC] Picture i took on my new camera (olympus PEN-PL1),0,2,1764977706.0,0.22,False,i.redd.it
1pf9zgv,pics,[OC] My tree topper is a cat's paw,9,3,1764976979.0,0.7,False,reddit.com
1pf95yg,pics,"Duck Lake, MI",32,3,1764974865.0,0.87,False,i.redd.it
1pf90lk,pics,My favorite Christmas decoration,1,1,1764974483.0,0.54,False,i.redd.it
1pf90lg,pics,[OC] 1920's RCMP Truncheon from Northern Canada. Stacked leather around a spring core. '148' stamped,2,1,1764974483.0,0.63,False,reddit.com
1pf8uig,pics,Phillip Watson  {OC},0,1,1764974056.0,0.42,False,i.redd.it
1pf8u3z,pics,Young Bobcat,147,17,1764974029.0,0.96,False,reddit.com
1pf8i8g,pics,"[OC] Ukrainian drone struck the Russian Chechen Security Council skyscraper in Grozny, Russia.",2387,57,1764973186.0,0.98,False,i.redd.it
1pf876g,pics,London - this morning,69,4,1764972425.0,0.93,False,reddit.com
1pf7r1p,pics,OC: a marvel to watch,0,1,1764971343.0,0.5,False,reddit.com
1pf6vi5,pics,[OC] Red squirrel - Scottish Highlands 🏴󠁧󠁢󠁳󠁣󠁴󠁿,68,7,1764969211.0,0.94,False,i.redd.it
1pf6oqr,pics,My wife said our elf was ice fishing and was in complete denial when I pointed out the obvious.,0,16,1764968761.0,0.46,False,i.redd.it
1pf6gty,pics,Accidental Phoenix Wright Cosplay,0,1,1764968224.0,0.21,False,i.redd.it
1pf6f2h,pics,[OC] Our dog with a christmas hat,20,1,1764968103.0,0.82,False,i.redd.it
1pf5fws,pics,"[OC] My neighbor, moments after Publishers Clearing House showed up to say he’d won a sweepstakes",1166,86,1764965739.0,0.94,False,reddit.com
1pf5bhq,pics,[OC] Seen at rally against I.C.E. in Minneapolis.,52292,975,1764965439.0,0.89,False,i.redd.it
1pf55ic,pics,"Human Made, Me (OC), Pen and Ink on Paper, 2025",15,2,1764965047.0,0.78,False,i.redd.it
1pf4dnd,pics,"[oc]I get so lost looking at the sky in the night, love it so much",26,4,1764963228.0,0.87,False,i.redd.it
1pf3p1c,pics,Cold Moon rising over Santa Fe Baldy,35,2,1764961619.0,0.93,False,i.redd.it
1pf36lh,pics,Found some of the promotional Steven Seagal pics sent to me by Kelly LeBrock in the 80’s [OC],43,37,1764960434.0,0.76,False,reddit.com
1pf2t12,pics,[OC] Random Door,55,23,1764959537.0,0.95,False,i.redd.it
1pf2qsk,pics,Rome encore,4,0,1764959397.0,0.71,False,i.redd.it
1pf2etj,pics,Classic Mexican standoff,79,10,1764958623.0,0.83,False,i.redd.it
1pf27et,pics,[OC] I worked with National Geographic to photograph the Grand Canyon from space and Earth!,99,12,1764958163.0,0.93,False,i.redd.it
1pf20kk,pics,Sunset at the Pier [OC],160,3,1764957729.0,0.98,False,i.redd.it
1pf1nv9,pics,[OC] Our lil Krampus for Krampusnacht,423,5,1764956943.0,0.97,False,i.redd.it
1pf1ifr,pics,"[OC] Audience face when Trump got awarded ""peace prize"" in Football World Cup",25754,1139,1764956604.0,0.94,False,i.redd.it
1pf1hl6,pics,Trump receives the first FIFA Peace Prize,0,53,1764956553.0,0.38,False,i.redd.it
1pf1e3m,pics,Some supermoon photos I shot on my way to work. [OC),30,1,1764956328.0,0.95,False,reddit.com
1pf1e2n,pics,Huntsman spider with a creepy face on its abdomen,0,4,1764956326.0,0.38,False,i.redd.it
1pf1548,pics,(OC) My acrylic painting of Siku the polar bear,79,4,1764955758.0,0.95,False,i.redd.it
1pf0mh8,pics,[OC] There's something so peaceful &amp; exhilarating about watching the sunrise at the airport,47,3,1764954571.0,0.9,False,i.redd.it
1pf01he,pics,OC Mushroom Ice Cube 🧊,26,4,1764953261.0,0.89,False,i.redd.it
1pezm61,pics,[OC] My view today from the clouds,15,0,1764952295.0,0.75,False,i.redd.it
1pey6cb,pics,My painting has won an award in an art contest,4728,183,1764948997.0,0.98,False,reddit.com
1pey2y4,pics,Seen Better Days,15,0,1764948773.0,0.87,False,i.redd.it
1pexsce,pics,[OC] The beauty of the Sahara Desert,43,2,1764948063.0,0.92,False,i.redd.it
1pexs3u,pics,[OC]😼😼,5,1,1764948046.0,0.63,False,i.redd.it
1pexnpm,pics,My moon (OC),0,4,1764947763.0,0.42,False,i.redd.it
1pexlol,pics,[OC] Cormorants and mistletoe mirrored,5,2,1764947631.0,0.7,False,i.redd.it
1pexjke,pics,[OC] The Book and the Modern Boulder,0,0,1764947491.0,0.43,False,i.redd.it
1pexa8b,pics,[OC] This kid knows,0,3,1764946872.0,0.37,False,i.redd.it
1pewoxa,pics,"I worked on it for 3 weeks, 70*100 cm (OC)",95,5,1764945434.0,0.98,False,i.redd.it
1pewg0w,pics,"I found the biggest mushroom I've ever seen! (Oyster card for scale, alas, I didn't have a banana)",244,49,1764944822.0,0.96,False,i.redd.it
1pevxtd,pics,(OC) Legendary Found,1,3,1764943579.0,0.52,False,reddit.com
1pev36c,pics,white utility van activities here in illinois. [OC],5954,917,1764941394.0,0.91,False,i.redd.it
1pev246,pics,[OC] Kenya is beautiful,559,30,1764941312.0,0.95,False,reddit.com
1pev1a9,pics,[OC]Lumix G7 14-42mm f5- 5.6 G vario,5,1,1764941251.0,1.0,False,reddit.com
1peurb6,pics,Plane wreckage in Rhode Island (OC),313,43,1764940478.0,0.97,False,i.redd.it
1peunrj,pics,OC: Moon dog on,6,6,1764940206.0,0.75,False,i.redd.it
1peuk78,pics,"Male portrait photo, man with sunglasses and a black flat cap",0,2,1764939924.0,0.19,False,i.redd.it
1peugeo,pics,[OC] Changed the scenery up a bit🫢,0,3,1764939637.0,0.35,False,reddit.com
1petyu7,pics,"Some art is inspired by dreams, this one was inspired by a lot of our nightmares, the dentist. [OC]",23,1,1764938166.0,0.77,False,i.redd.it
1petxbf,pics,[OC] Saw this little guy the other day.,7516,268,1764938039.0,0.95,False,i.redd.it
1petn59,pics,OC: My city is glowing for Christmas🎄✨,38,1,1764937164.0,0.87,False,i.redd.it
1pesybf,pics,"(OC) Photo taken in Puerto Natales, Chile.",193,6,1764934998.0,0.99,False,i.redd.it
1pesefy,pics,[OC] Redbull...,0,4,1764933059.0,0.07,False,i.redd.it
1pes2tj,pics,“OC” The Cold Moon,10,4,1764931900.0,0.82,False,i.redd.it
1peqvuh,pics,A sweet pastry,0,1,1764927379.0,0.43,False,i.redd.it
1peqvm9,pics,"[OC] an incredible temple inside the Marble Mountains, Vietnam 🇻🇳",24,4,1764927354.0,0.91,False,reddit.com
1peqt4c,pics,[OC] A T-34 tank in Moldova,6,3,1764927081.0,0.64,False,i.redd.it
1peqggm,pics,A380-800 pic by me (sydney),0,3,1764925691.0,0.5,False,i.redd.it
1peqd3w,pics,I'm can't be the only one seeing this.,765,110,1764925330.0,0.88,False,i.redd.it
1peq9d7,pics,This frame is from my latest body-paint shoot,7389,195,1764924949.0,0.92,False,i.redd.it
1peq4x9,pics,"Putin at memorial: ""Mahatma Gandhi's message of peace and non violence remains relevant today.""",7126,518,1764924479.0,0.96,False,i.redd.it
1pept67,pics,"""OC"" sunrise this morning at work 🌄",13,0,1764923161.0,0.85,False,i.redd.it
1peprul,pics,"Last super full moon ... the ""Cold Moon"" in Michigan",6,0,1764923009.0,0.72,False,i.redd.it
1pep6h0,pics,"Tonight’s Cold Moon, the last Supermoon of 2025 [oc]",77,12,1764920679.0,0.97,False,i.redd.it
1penzf1,pics,OC My newest obsession is re-styling this knick-knack cabinet every time I get a new piece!,2,0,1764916139.0,0.63,False,reddit.com
1pengjv,pics,"[OC] High school senior photo of Brian Krzanich, former Intel CEO from 2013-2018 (taken in 1977).",0,7,1764914316.0,0.24,False,i.redd.it
1pen7y7,pics,Sundogs over the Port (OC),13,0,1764913512.0,0.85,False,i.redd.it
1pen45w,pics,"The supermoon today  shortly after moonrise. El Monte, CA [OC]",106,0,1764913167.0,0.99,False,i.redd.it
1pemvik,pics,"[OC] Oh, the irony!",0,5,1764912367.0,0.42,False,i.redd.it
1pem8pt,pics,Elon Musk posing with Ghislaine Maxwell at the Vanity Fair Oscars party (2014),18009,375,1764910368.0,0.95,False,i.redd.it
1pem3jo,pics,Because the pedestrians in Moama are really nasty people.,0,1,1764909917.0,0.29,False,i.redd.it
1pelmgm,pics,Mindo Harlequin Toad Tadpole - First Ever Photograph,6,3,1764908418.0,0.61,False,i.redd.it
1pel241,pics,ICE in Minnesota,32563,3613,1764906710.0,0.92,False,i.redd.it
1pel1x3,pics,sunset in the movie theatre parking lot,9,0,1764906694.0,0.85,False,i.redd.it
1pel0zn,pics,[OC] “Count On Me” on the first day of its completion.  The clouds made its reveal even more epic.,321,20,1764906616.0,0.98,False,i.redd.it
1pel0jz,pics,A cool pic of the moon I done and did tonight.,60,4,1764906578.0,0.94,False,i.redd.it
1pekzgk,pics,poor baby got all wet in the rain [OC],22,0,1764906489.0,0.79,False,i.redd.it
1pejuvb,pics,(OC) Drunk driver hits an anti-DUI sign in California,90,7,1764903226.0,0.91,False,i.redd.it
1peiqym,pics,[oc] some videogame drawings I've made,27,2,1764900076.0,0.88,False,reddit.com
1peidq6,pics,Every day we drift further from God.,0,11,1764899061.0,0.43,False,i.redd.it
1pehpmk,pics,OC This is the moon for me around 5:50-610,4,0,1764897207.0,0.83,False,reddit.com
1pehbf1,pics,"[OC] Apparently, Little Caesars is the new DMV.",6841,711,1764896141.0,0.95,False,i.redd.it
1peglwx,pics,OC - Fire,17,0,1764894219.0,0.74,False,i.redd.it
1pegdi0,pics,"OC, found this lic of the Aurora borealis taken last year at Piel Island, UK",65,5,1764893630.0,0.96,False,i.redd.it
1peg3va,pics,[OC] Frank 2013 vs Frank 2025,71,4,1764892926.0,0.9,False,i.redd.it
1peg0ut,pics,Just a chill guy,7,0,1764892725.0,0.71,False,i.imgur.com
1peg0ci,pics,My local pharmacy being savage on their clearance section shelf,0,2,1764892687.0,0.39,False,i.redd.it
1pefo67,pics,Tonight’s supermoon! 12/4,53,3,1764891804.0,0.94,False,reddit.com
1pef7zt,pics,Old Man Trump,20579,1114,1764890663.0,0.93,False,i.redd.it
1pef3zy,pics,Last remnants of sun on a cold but beautiful winter day on which my mother was laid to rest,117,14,1764890375.0,0.96,False,i.redd.it
1peea5x,pics,Billboard defaced in Baltimore last night,44666,2972,1764888240.0,0.84,False,i.redd.it
1pedxwy,pics,[OC] Philadelphia This Evening,27,5,1764887396.0,0.82,False,i.redd.it
1pedqwu,pics,Photo of the moon I took this afternoon (OC),67,5,1764886904.0,0.93,False,i.redd.it
1pedcpj,pics,"""Cat Dip"", Acrylics (OC)",17,0,1764885938.0,0.82,False,i.redd.it
1peczxr,pics,(OC) My 5th grader made this picture today,62,19,1764885102.0,0.78,False,i.redd.it
1peczs6,pics,"[OC]28 hours in the ER and just got my first meal. Chicken stir fry, roll, &amp; mixed fruit cup (US)",535,136,1764885092.0,0.81,False,i.redd.it
1pecc1t,pics,OC: Multiple cars have driven into this house. Today: a Snow Wall,87,18,1764883549.0,0.95,False,i.redd.it
1pec9de,pics,[OC] I took this picture of the moon. (iPhone 17 pro),6,1,1764883380.0,0.87,False,i.redd.it
1pebty2,pics,OC - Clicked these 2 pictures in Mountains 1) Glory and Fogbow 2) Brocken Spectre,3,0,1764882379.0,0.67,False,reddit.com
1peblm3,pics,(OC) B&amp;W street style photo from a cold saturday morning in Sweden,12,0,1764881847.0,0.93,False,i.redd.it
1pebk14,pics,"Just a photo of my kitty, Hermes",14,1,1764881749.0,0.77,False,i.redd.it
1pebfe0,pics,“OC” Diet Pepsi,20,2,1764881457.0,0.72,False,i.redd.it
1pebbm1,pics,"Mountain water slicing through marble rock, Norway [OC]",91,0,1764881203.0,0.97,False,reddit.com
1peau6y,pics,"Mountain water slicing through granite rock, Switzerland [OC]",184,7,1764880068.0,0.99,False,i.redd.it
1peapbn,pics,[OC] My mom tree become bigger! So happy with the results! 🩷❤️,17,3,1764879743.0,0.76,False,i.redd.it
1peab7j,pics,OC: Hospital Bill from my birth ~ 1969.,277,115,1764878837.0,0.9,False,i.redd.it
1pe9ws6,pics,A brief history of (my) flash media,4,10,1764877927.0,0.56,False,i.redd.it
1pe9tqr,pics,First Christmas cracker find this year! He cute!,0,1,1764877721.0,0.38,False,i.redd.it
1pe8gzw,pics,even more epstein dental room pics,3885,625,1764874579.0,0.96,False,reddit.com
1pe7aa9,pics,"[OC] Ruler of the Sea - Balneário Camboriú, Santa Catarina - Brazil",8,1,1764871978.0,0.8,False,i.redd.it
1pe6co4,pics,"Well, 1k miles later...here we are.",2078,337,1764869980.0,0.86,False,i.redd.it
1pe67ns,pics,[OC] These are all the cats I came across last month (these may not be perfect but I'm lowkey proud),6,0,1764869672.0,0.69,False,i.redd.it
1pe66xg,pics,OC: U.S. Institute of Peace renamed for Trump after his administration dismantled the agency,4309,372,1764869625.0,0.96,False,i.redd.it
1pe5ynh,pics,{OC]Low-Cost Christmas Tree Idea,0,1,1764869097.0,0.33,False,i.redd.it
1pe5lj5,pics,[OC] Saudi Arabia-Madinah,0,3,1764868297.0,0.44,False,reddit.com
1pe5k8r,pics,Sculpture made from tons of plastic on beach in Bangladesh,11,1,1764868219.0,0.71,False,i.redd.it
1pe5489,pics,New Puzzle (wish I could replace Jim with Kevin),0,0,1764867246.0,0.35,False,i.redd.it
1pe4nx9,pics,"Shofuso Japanese Cultural Center Philadelphia, Pennsylvania",16,0,1764866217.0,0.91,False,i.redd.it
1pe4coi,pics,[OC]mushroom in the morning,12,2,1764865509.0,0.79,False,i.redd.it
1pe49jb,pics,Four Generations (1942),53,4,1764865310.0,0.81,False,i.redd.it
1pe46ah,pics,"[OC] An HDR Moon picture, This took a lot of effort and was my first time!!",120,8,1764865107.0,0.97,False,i.redd.it
1pe41u9,pics,Yosemite - shot on IPhone 16 ProMax [OC],49,4,1764864818.0,0.88,False,i.redd.it
1pe3of6,pics,"NYC from 30,000 ft",1470,47,1764864005.0,0.99,False,i.redd.it
1pe3mnq,pics,[OC] Capture a beetle on the grass,14,5,1764863889.0,0.79,False,reddit.com
1pe39wc,pics,Beans,0,7,1764863065.0,0.45,False,i.redd.it
1pe31td,pics,My current painting using glow in the dark paint (OC),134,5,1764862528.0,0.97,False,reddit.com
1pe30cm,pics,The moon setting this morning in Denver,114,4,1764862429.0,0.98,False,i.redd.it
1pe2tfi,pics,"Luigi Mangione in NYC court, December 4th 2025",87196,2905,1764861969.0,0.86,False,i.redd.it
1pe2ab8,pics,The State Department Institute of Peace has been renamed to the Donald J Trump Institute of Peace,4666,346,1764860713.0,0.95,False,i.redd.it
1pe1xdd,pics,[OC] Let's catch some trouts,27,0,1764859844.0,0.84,False,reddit.com
1pe1rq5,pics,A Camaro i saw on the streets,122,16,1764859449.0,0.87,False,reddit.com
1pe1r21,pics,Speed,0,3,1764859403.0,0.25,False,i.redd.it
1pe1oyb,pics,"Blue Lake, Mt Gambier: Summer warmth forms light-scattering calcite crystals. [OC]",16,1,1764859260.0,0.91,False,i.redd.it
1pe1ntr,pics,[OC] Driving around the Gardens Mall in Palm Beach Gardens FL,0,0,1764859180.0,0.44,False,imgur.com
1pe1kw0,pics,"Downtown Lac Mégantic, Qc, Canada on July 6 2013. [details in comment section]",830,99,1764858971.0,0.95,False,i.redd.it
1pe0e01,pics,[OC] Delta Airline celebrates their 100th Anniversary by giving free water to a few customers,955,106,1764855938.0,0.92,False,i.redd.it
1pe07ha,pics,A macro photograph of ice on the body,1095,69,1764855462.0,0.92,False,i.redd.it
1pe03p8,pics,Neat thing 366; a 100+ year old German certificate about my church’s youth group,0,0,1764855184.0,0.43,False,i.redd.it
1pdzv8l,pics,Cute little Bufflehead on the Puget Sound,18,1,1764854540.0,0.95,False,i.redd.it
1pdzkxz,pics,Carrot farm in Central Java,27,2,1764853745.0,0.92,False,i.redd.it
1pdzkcx,pics,(OC) An abandoned ship at the end of the world. Tierra de Fuego Ushuaia Argentina,130,5,1764853700.0,0.95,False,reddit.com
1pdzkal,pics,First time I’ve ever felt fearful of my kitten 🦦 [OC],150,3,1764853695.0,0.92,False,i.redd.it
1pdz77d,pics,"OC - My hometown in a tiny Himalayan state 📍Uttarakhand, India",212,12,1764852652.0,0.97,False,i.redd.it
1pdz0oi,pics,OC - Babusar top - Pakistan,6,0,1764852112.0,0.76,False,reddit.com
1pdy9nb,pics,A male selfie,0,3,1764849767.0,0.08,False,i.redd.it
1pdxxnl,pics,[OC] On the Sea,29,0,1764848680.0,0.91,False,i.redd.it
1pdxciu,pics,TRUE STORY! HISTORY KEEP REPEATING,1728,184,1764846658.0,0.78,False,i.redd.it
1pdx38z,pics,Full moon behind the clouds.  Taken with an iPhone 12 in Night Mode (3 second shot).,2,0,1764845763.0,0.67,False,i.redd.it
1pdx20m,pics,[OC] A tiny cairn wearing its first snow of the season,2,0,1764845641.0,0.63,False,i.redd.it
1pdwibx,pics,"Angola: Insane rock formations, waterfalls and a hauntingly beautiful coast [OC]",675,36,1764843604.0,0.97,False,reddit.com
1pdwegk,pics,Penhas Douradas - Portugal,75,4,1764843197.0,0.98,False,i.redd.it
1pdvuk2,pics,A dandelion with airborne seeds,0,0,1764841059.0,0.36,False,i.redd.it
1pduppz,pics,[OC] Monte Fuji - October 2025,54,4,1764836511.0,0.89,False,reddit.com
1pdumh2,pics,OC - Down by the river in the morning,14,2,1764836163.0,0.9,False,i.redd.it
1pdtzjn,pics,A mosaic artwork I made - based on The Great Wave off Kanagawa. Boatless.,143,12,1764833750.0,0.97,False,i.redd.it
1pdsgev,pics,Les Misérables mosaic artwork I made,50,2,1764828245.0,0.88,False,i.redd.it
1pdsau8,pics,[OC] Good boy was posing for me :),107,3,1764827735.0,0.93,False,i.redd.it
1pdrurr,pics,"I always enjoy sitting and observing this mountain ⛰️, and spending my weekend here.",2,1,1764826300.0,0.6,False,i.redd.it
1pdrc4i,pics,[OC] Our Christmas tradition,10,0,1764824669.0,1.0,False,i.redd.it
1pdr879,pics,OC: my baby.. Annie,15,5,1764824360.0,0.66,False,i.redd.it
1pdr3o9,pics,[OC] one of my favorite photos I’ve ever taken,17,3,1764823969.0,0.9,False,i.redd.it
1pdq04i,pics,Jerk Off the Grill food truck in Lower Manhattan,49,17,1764820619.0,0.77,False,i.redd.it
1pdpxpf,pics,My wife cut a strawberry and had a lovely surprise.,158,3,1764820407.0,0.9,False,i.redd.it
1pdpvwi,pics,[OC] Lucky timing,196,2,1764820238.0,0.98,False,i.redd.it
1pdps12,pics,[OC] FuzzNut McCockFace says hello :-),33,4,1764819930.0,0.74,False,i.redd.it
1pdpjkb,pics,Wife bought a tree online and this showed up.,0,6,1764819269.0,0.39,False,i.redd.it
1pdpbfe,pics,[OC] From a squirrels eye view 🐿,11,3,1764818614.0,0.75,False,i.redd.it
1pdp4x5,pics,President Donald Trump posing with teen models at the “Look of the Year” competition (1991),14446,736,1764818100.0,0.92,False,i.redd.it
1pdp4h9,pics,"Prometheus, Rockefeller Center, NYC",6,0,1764818066.0,0.88,False,i.redd.it
1pdorkf,pics,[OC] The mosque of the noble companion Abu bakr as-siddiq in Madinah (1400 AH),63,2,1764817079.0,0.81,False,i.redd.it
1pdo57w,pics,[OC] my uncanny ability to look like bald light-skinned celebrities,0,4,1764815376.0,0.09,False,i.redd.it
1pdnzfx,pics,[OC] Neighbours X-Mas Light Setup,21,2,1764814925.0,0.74,False,i.redd.it
1pdnr24,pics,"Kihei, Maui moonlight [OC]",51,2,1764814291.0,0.96,False,i.redd.it
1pdnm6t,pics,Baby Chicks 🐥 [OC],31,6,1764813914.0,0.87,False,reddit.com
1pdnbca,pics,"My mountain cabin, first snow of the season",1064,34,1764813085.0,0.98,False,i.redd.it
1pdn7fc,pics,"[OC] Articles of Impeachment for Pete Kegsbreath 9:15AM @ Union Station, DC 12/4/2025 w/ FLARE USA",900,54,1764812788.0,0.94,False,i.redd.it
1pdn5uq,pics,Temple Guard,69,5,1764812670.0,0.91,False,i.redd.it
1pdmx59,pics,sunset on the beach Oceanside CA [OC],29,3,1764811979.0,0.83,False,i.redd.it
1pdmv0h,pics,Couldn't be happier! Barely got on one knee before she said yes.,14713,183,1764811813.0,0.96,False,i.redd.it
1pdmt3t,pics,Font with Carved Nicor/Nina mermaid-like figure St Marys Sfattord,0,0,1764811668.0,0.5,False,i.redd.it
1pdmqj0,pics,"Yeah, I bet.",0,0,1764811473.0,0.27,False,imgur.com
1pdmq6v,pics,"Sundog in MN, USA today.",13,0,1764811447.0,0.83,False,i.redd.it
1pdmojy,pics,"Made the ups dudes laugh, can't speak for the neighbors.",6,1,1764811323.0,0.59,False,i.redd.it
1pdm5nf,pics,[OC] FCC pirate ship on old Direct TV receiver,40,8,1764809898.0,0.9,False,i.redd.it
1pdlpdt,pics,"Donald Trump inside a Manhattan Criminal Court, 2024",4960,274,1764808674.0,0.92,False,i.redd.it
1pdkzkp,pics,Favorite fall activity [OC],12,3,1764806802.0,0.74,False,reddit.com
1pdkref,pics,4 Generations in one kitchen…,131,20,1764806242.0,0.71,False,i.redd.it
1pdjrsq,pics,Tonight's Nearly Full Moon. [OC],25,0,1764803726.0,0.87,False,i.redd.it
1pdj5xx,pics,[OC] a ladybug I snapped a while ago with my phone,17,1,1764802251.0,0.76,False,i.redd.it
1pdieg0,pics,double crested cormorant on an old pier,16,0,1764800399.0,0.86,False,i.redd.it
1pdhp1w,pics,Last flower standing [OC],15,2,1764798757.0,0.95,False,i.redd.it
1pdhbxi,pics,"[OC] I made these stained glass clown hat lamps, I feel like I’m at a little carnival",1274,35,1764797927.0,0.98,False,i.redd.it
1pdgmxy,pics,"Argentina, Patagonia, Lake Argentino Perito Moreno glacier and misty mountain view",59,3,1764796294.0,0.95,False,reddit.com
1pdghb4,pics,[OC] Fishing boat,24,7,1764795921.0,0.8,False,i.redd.it
1pdgbpf,pics,[OC] Sign of the season,7,0,1764795574.0,0.89,False,i.redd.it
1pdg7u1,pics,[OC] The holidays make me depressed so I decorated the robot vacuum,60,16,1764795330.0,0.81,False,i.redd.it
1pdeulm,pics,Late Fall/Early winter in OC,7,1,1764792229.0,0.9,False,i.redd.it
1pdetlc,pics,OC: That’s BAD luck dude..,0,2,1764792169.0,0.29,False,i.redd.it
1pdeqnf,pics,My dad's view at his home in BC. He sent this to me yesterday.,1299,33,1764791995.0,0.99,False,i.redd.it
1pdefz5,pics,"Trump, 79, enjoying some good old nappy time.",83300,2614,1764791323.0,0.9,False,i.redd.it
1pddxmd,pics,OC Tis the season,20,4,1764790188.0,0.73,False,reddit.com
1pdd8hz,pics,(OC) A black bear oil painting on canvas,48,5,1764788649.0,0.9,False,i.redd.it
1pdcu0j,pics,"[OC] Uzungöl, Turkey",236,2,1764787799.0,0.99,False,i.redd.it
1pdcqgc,pics,"[OC] Cappadocia, Turkey 🇹🇷",138,1,1764787593.0,0.97,False,i.redd.it
1pdccib,pics,It’s beginning to look a lot like Xmas! [OC],1,6,1764786780.0,0.52,False,i.redd.it
1pdcayn,pics,(OC) Pork Feet Taco Wednesday! - minus photo text of “can’t wait to tell the kids…”,0,2,1764786689.0,0.39,False,i.redd.it
1pdbxg3,pics,OC spotted on my way to work,5045,46,1764785900.0,0.97,False,i.redd.it
1pdbm27,pics,[OC]The blue ice layers inside the Rhône Glacier.,18,1,1764785218.0,0.87,False,i.redd.it
1pdb8vo,pics,Today's moon [OC],16,1,1764784457.0,1.0,False,i.redd.it
1pdb3o4,pics,OC: Democrats release new images from Jeffrey Epstein's island,48673,3051,1764784143.0,0.95,False,reddit.com
1pda0av,pics,"Quarter-scale replica of the Statue of Liberty on the Île aux Cygnes (Isle of the Swans), Paris [OC]",5,0,1764781795.0,0.65,False,i.redd.it
1pd9tyl,pics,[OC] Anna's Hummingbird,92,4,1764781425.0,0.96,False,reddit.com
1pd9tq7,pics,Cherry blossoms in spring time. Brooklyn NY.,30,1,1764781411.0,0.81,False,reddit.com
1pd8qw0,pics,[OC] I handcrafted 5 exclusive chef's knives for the One Of A Kind Christmas show in Toronto! 🇨🇦🔪,451,29,1764779073.0,0.94,False,reddit.com
1pd8j54,pics,[OC] Took these pics throughout the Fall and Winter so far (rate em as you want),3,1,1764778602.0,0.6,False,reddit.com
1pd8j3c,pics,One Of These Things Is Not Like The Other!!! This is in a tattoo shop.,0,3,1764778598.0,0.25,False,i.redd.it
1pd86n8,pics,The textures of forest aging...   OC,11,0,1764777839.0,0.84,False,i.redd.it
1pd847s,pics,[OC] ninja kitty and Orion,15,3,1764777686.0,0.73,False,reddit.com
1pd6n3c,pics,[OC] Shot on my trip to Bali a few months ago,50,11,1764774384.0,0.84,False,i.redd.it
1pd5ujl,pics,(OC) National Geographic Explorer. Photo taken from the coast of Whaler’s Bay Antartica,144,2,1764772586.0,0.99,False,i.redd.it
1pd5qxa,pics,May I present the small gallery titled the Hungry Husky.,15,0,1764772351.0,0.63,False,reddit.com
1pd57ne,pics,Piccolo’s Step-Son,18,13,1764771109.0,0.62,False,i.imgur.com
1pd51k8,pics,Boats,1,5,1764770705.0,0.53,False,i.redd.it
1pd4cp3,pics,[OC] Macro planchet flaw on $0.20 AUD cent coin [2017] coin is [1976],0,14,1764769008.0,0.5,False,i.redd.it
1pd48dp,pics,Officially retiring my old shirt and breaking in a fresh copy. Some things are worth repeating.,229,24,1764768721.0,0.86,False,i.redd.it
1pd43ef,pics,[OC] There's something strange about the picture.,0,2,1764768382.0,0.21,False,i.redd.it
1pd394k,pics,Mexican Christmas tree.,45,1,1764766123.0,0.85,False,i.redd.it
1pd35w3,pics,(OC) feeling at peace in mountains,16,0,1764765868.0,0.92,False,i.redd.it
1pd2n7l,pics,My 7 year old niece doodled these for me tonight. A portrait of me &amp; my tiny silver heart coin purse,9,4,1764764313.0,0.69,False,reddit.com
1pd2ea3,pics,[OC] Too hot to handle,5,3,1764763528.0,0.65,False,i.redd.it
1pd1u4u,pics,Jackie Robinson,24,6,1764761697.0,0.84,False,i.redd.it
1pd1cpe,pics,[OC] Bird with angry stare,79,3,1764760053.0,0.98,False,i.redd.it
1pd061s,pics,[OC] Best Sunset Ever experienced...Promthep Cape,8,0,1764755683.0,0.9,False,i.redd.it
1pd01sq,pics,A photo of a ceiling lamp,0,3,1764755228.0,0.12,False,i.redd.it
1pcz7s4,pics,[OC] Tragedy at a truck stop,57,27,1764751984.0,0.81,False,i.redd.it
1pcz1w7,pics,[OC] a beautiful flower bloomed on a pond side...,20,0,1764751349.0,0.93,False,i.redd.it
1pcylry,pics,The view that made the hike worth it,8,2,1764749561.0,0.74,False,i.redd.it
1pcydrl,pics,"Nearly deleted this picture I took yesterday for being too boring, and then I spotted him [OC]",814,37,1764748729.0,0.92,False,reddit.com
1pcx7by,pics,Found in a dive bar bathroom last night,129,16,1764744366.0,0.92,False,i.redd.it
1pcw9h9,pics,Macau Light Rapid Transit (OC),25,0,1764741112.0,0.94,False,i.redd.it
1pcw46p,pics,This little guy is the backbone of my industry,0,18,1764740627.0,0.33,False,i.redd.it
1pcw1mk,pics,[OC] Family at Sunset,44,2,1764740398.0,0.93,False,i.redd.it
1pcvpmq,pics,Elk Lakes BC Canada [OC],15,1,1764739324.0,0.9,False,i.redd.it
1pcvj21,pics,Farmers going to work,100,3,1764738751.0,0.99,False,i.redd.it
1pcv1vs,pics,[OC] Our corgi sleeping like no one is watching.,21,2,1764737241.0,0.87,False,i.redd.it
1pcukm6,pics,[OC] this sea lions face,41,8,1764735777.0,0.84,False,i.redd.it
1pcuejt,pics,photos of the tonights moon i took earlier [OC],8,1,1764735266.0,0.76,False,reddit.com
1pcu8z2,pics,My little miaughty Elf [OC],6,0,1764734805.0,0.69,False,i.redd.it
1pctwg6,pics,"[OC] Red watrled lapwing - Tadoba National Park, India",31,3,1764733790.0,0.94,False,i.redd.it
1pctugy,pics,(OC) A snowy lonely walk in Colorado,209,5,1764733630.0,0.98,False,i.redd.it
1pctjq0,pics,OC Found on a random car at my neighborhood Costco,9070,259,1764732779.0,0.95,False,reddit.com
1pcsjmd,pics,[OC] Saudi Arabia-Madinah,6,0,1764729961.0,0.67,False,i.redd.it
1pcsj4y,pics,[OC] Chicago 2025.12.02,763,12,1764729926.0,0.99,False,i.redd.it
1pcsbnq,pics,Woo-hoo!,65,7,1764729339.0,0.87,False,i.redd.it
1pcs9bp,pics,[OC] Found on a car the other day,15476,530,1764729157.0,0.92,False,i.redd.it
1pcs19h,pics,[OC] Mornin!,12,1,1764728549.0,0.85,False,i.redd.it
1pcs0kf,pics,[OC] Street Cat Eyes Cat Cafe Cats in Bangkok 😼,18,1,1764728496.0,0.78,False,i.redd.it
1pcrvry,pics,"[OC] Spotted this while walking by, so funny",3,0,1764728125.0,0.61,False,i.redd.it
1pcruzo,pics,Painted some sunflowers,203,7,1764728067.0,0.96,False,i.redd.it
1pcrmno,pics,Sunset Over a Texas Field [OC],9,2,1764727416.0,0.74,False,reddit.com
1pcrij3,pics,[OC] FESTIVITY OBELISK,0,4,1764727107.0,0.46,False,i.redd.it
1pcrhdw,pics,[OC] Classic Canadian squirrel.,47,12,1764727023.0,0.92,False,i.redd.it
1pcr5sj,pics,[OC] Old picture of Bendy and the Ink Machine cosplayers from May 2018,14,3,1764726158.0,0.77,False,i.redd.it
1pcqr1h,pics,[OC] Peachtree Plaza Tower - Atlanta,7,2,1764725016.0,0.71,False,i.redd.it
1pcqeq7,pics,[OC] is there any point in life anymore,180,83,1764724086.0,0.86,False,i.redd.it
1pcqck9,pics,"My painting ""Where the Stars Come to Sit With Me"". [OC]",60,7,1764723924.0,0.89,False,i.redd.it
1pcq6in,pics,[OC] Hunter's heart,0,1,1764723483.0,0.33,False,i.redd.it
1pcpx26,pics,"Ruby Beach, WA [OC]",92,2,1764722767.0,0.99,False,i.redd.it
1pcpj2e,pics,(OC) Let me present you the most kind and sympathic shoe cleaner in my city. Smile and  good story.,66,9,1764721727.0,0.91,False,reddit.com
1pcp8if,pics,OC: My grandfather in the US Army in West Germany | 1964,282,19,1764720974.0,0.95,False,reddit.com
1pcouk2,pics,"[OC]Seagull in Rose Bay, Sydney Harbour",6,0,1764719987.0,1.0,False,i.redd.it
1pcoooz,pics,[OC] This majestic deer came out with our first snow,316,7,1764719567.0,0.99,False,i.redd.it
1pcnn1v,pics,"Stone mural, UK museum",36,2,1764716894.0,0.86,False,i.redd.it
1pcnc5m,pics,[OC] Some pictures i took recently with my cheapo Benq GH600,30,0,1764716160.0,0.84,False,reddit.com
1pcmlxm,pics,OC: Christmas Season is always special 🎄🎅,2,0,1764714405.0,0.56,False,i.redd.it
1pcmg17,pics,[OC] Venice,103,1,1764714023.0,0.99,False,i.redd.it
1pcm6k9,pics,Just a log on the Oregon coast.,0,3,1764713397.0,0.4,False,i.redd.it
1pclvvg,pics,[OC] The seven sisters through my telescope,37,4,1764712696.0,0.92,False,i.redd.it
1pclmyc,pics,[OC] Photo I took of an owl at the zoo,213,6,1764712116.0,0.99,False,i.redd.it
1pcl8qq,pics,"[OC] A park in Chisinau, Moldova",66,3,1764711213.0,0.95,False,i.redd.it
1pcl3pk,pics,Historic Athens,19,3,1764710888.0,0.91,False,i.redd.it
1pckk6s,pics,Fall Time Bowness Park 3024 x 4032 [OC],6,0,1764709663.0,0.76,False,i.redd.it
1pckftw,pics,[OC] My neighbor’s Trump flag. Very fitting reflection of his presidency.,21573,551,1764709388.0,0.93,False,i.redd.it
1pcja5h,pics,(OC) Pics of my sidekick,21,3,1764706772.0,0.78,False,reddit.com
1pciobs,pics,[OC] some graffiti I saw in Seattle yesterday (it’s already covered),1670,12,1764705418.0,0.98,False,i.redd.it
1pci4uu,pics,Found on a car today.,57322,245,1764704189.0,0.97,False,i.redd.it
1pci4i6,pics,"End the ICE Age! Seen on 580 in Oakland, CA [OC]",193,5,1764704168.0,0.9,False,i.redd.it
1pchyfv,pics,Sunrise on the beach razor clamming,42,1,1764703792.0,0.91,False,i.redd.it
1pchsaf,pics,(OC) the conception and birth of an indie comic book: how it started v how it’s going,38,9,1764703422.0,0.84,False,reddit.com
1pchr5n,pics,"Pete Hegseth, introduced as the SSecretary of War",131704,4794,1764703354.0,0.91,False,i.redd.it
1pch16q,pics,"Redlands, Ca.",35,6,1764701788.0,0.87,False,i.redd.it
1pcgvss,pics,"(OC) saw this little unit in a second hand shop today, I've never seen something like this before.",18,16,1764701462.0,0.71,False,i.redd.it
1pcgkco,pics,"acrylic, white gold leaf, canvas 50*80 cm „frost crackling“ (OC)",14,1,1764700769.0,0.8,False,i.redd.it
1pcgi82,pics,[OC] The US Capitol in today in the gloomy weather.,0,0,1764700637.0,0.13,False,i.redd.it
1pcfrny,pics,"Luigi Mangione in court for day two of state suppression hearings, NYC",8229,548,1764699039.0,0.94,False,i.redd.it
1pcfo39,pics,[OC] bullet marks - shot by britishers more than 100 years in India (Bharat),0,21,1764698826.0,0.42,False,i.redd.it
1pcfc45,pics,Macau at nighttime,12,0,1764698127.0,0.93,False,i.redd.it
1pcfb2i,pics,"[OC] Hwy 101 near Balboa Blvd, Los Angeles 12/2/25",1911,65,1764698064.0,0.95,False,i.redd.it
1pcfah1,pics,(OC) Different shades of Hibiscus,9,1,1764698030.0,0.77,False,reddit.com
1pcegag,pics,[OC] I found a tiny egg within another egg 🥚,122,10,1764696223.0,0.94,False,i.redd.it
1pce9uy,pics,"[OC] A calm moment: coffee, warm sunlight, and a relaxed mood.",3,0,1764695842.0,0.6,False,i.redd.it
1pcdq8p,pics,[OC] Sunset over the ocean,67,4,1764694646.0,0.96,False,i.redd.it
1pcdo4k,pics,"[OC] The Twelve Apostles, Great Ocean Road, Australia",25,1,1764694517.0,0.83,False,i.redd.it
1pcddyo,pics,[OC] Beautiful But scary at the same time,11,2,1764693898.0,0.7,False,i.redd.it
1pcd92a,pics,Living in a Thomas Kincaid painting,0,5,1764693601.0,0.5,False,reddit.com
1pcd627,pics,[OC] Where history changed forever - Sarajevo,289,34,1764693418.0,0.96,False,reddit.com
1pccaj8,pics,My dog is getting old and turning grey. This once dark brown spot has turned into a heart.,167,10,1764691452.0,0.91,False,i.redd.it
1pcc2cp,pics,(OC) Seals resting on an iceberg in front of a glacier. Photo taken within the Antartica circle.,25,2,1764690934.0,0.88,False,i.redd.it
1pcb9z1,pics,Tuesday Morning Quickie,0,12,1764689136.0,0.41,False,i.redd.it
1pcb8dh,pics,DOOM Drawing I made.,38,1,1764689035.0,0.95,False,i.redd.it
1pcazfq,pics,Sunset of my dreams,480,33,1764688460.0,0.91,False,i.redd.it
1pcauer,pics,OC - ​​I love Rome too,25,3,1764688131.0,0.79,False,i.redd.it
1pcalcy,pics,OC - I love Rome,9,4,1764687531.0,0.68,False,reddit.com
1pcagow,pics,"Hospital ""food""",0,25,1764687211.0,0.45,False,i.redd.it
1pcagn0,pics,"[OC] A 45' long, 4500 year old dugout canoe in Ireland.",9101,122,1764687208.0,0.99,False,i.redd.it
1pca3c6,pics,Painted Rock,0,0,1764686308.0,0.45,False,i.redd.it
1pc9yrm,pics,(OC) Neighbor’s awesome thanksgiving decor,22832,113,1764685999.0,0.97,False,i.redd.it
1pc9lny,pics,I really like this picture my wife took of me at brunch,2141,124,1764685113.0,0.86,False,i.redd.it
1pc9icm,pics,[OC] Nice evening in Paris,75,6,1764684881.0,0.93,False,i.redd.it
1pc9eoz,pics,[OC] Little firecrackers clicked at long exposure,20,0,1764684616.0,0.89,False,reddit.com
1pc8s9a,pics,OC kirtipur Nepal,1,0,1764683037.0,0.56,False,i.redd.it
1pc8oe1,pics,"Happy birthday to Luis Manuel Otero, Cuban artist who has spent the past five birthdays locked up",710,26,1764682746.0,0.93,False,i.redd.it
1pc8htc,pics,Things I find neat day 365; our tree village with some homemade houses.,0,6,1764682265.0,0.5,False,i.redd.it
1pc887w,pics,“OC” early bird gets the germ,8,1,1764681562.0,0.74,False,i.redd.it
1pc6zgn,pics,Echinocystis lobata (OC),26,3,1764677906.0,0.81,False,reddit.com
1pc6svd,pics,Long queue on Everest for submit rush!!,0,22,1764677325.0,0.44,False,i.redd.it
1pc6iak,pics,Late sunset,8,1,1764676360.0,0.91,False,i.redd.it
1pc602d,pics,[OC] Macro photograph of an eye,44,3,1764674590.0,0.9,False,i.redd.it
1pc5qyr,pics,Took some pics above the clouds in Hawaii.,38,0,1764673715.0,0.89,False,reddit.com
1pc4i0v,pics,Interesting use of free will. (OC),927,101,1764669045.0,0.95,False,i.redd.it
1pc4e7u,pics,[OC]Bridging lifes,0,2,1764668624.0,0.42,False,i.redd.it
1pc4dut,pics,[OC]I LOVE MOSSY MOSS,9,2,1764668586.0,0.75,False,i.redd.it
1pc3rxi,pics,"[OC] amazing intricate carvings on stone ,truly an art on stone built during hoyasala period",78,8,1764666191.0,0.92,False,reddit.com
1pc3j97,pics,[OC] I drew circles on top of my painting,104,20,1764665231.0,0.81,False,reddit.com
1pc2ybt,pics,[OC] NIGHT CITY FROM THE TOP,27,6,1764662907.0,0.81,False,i.redd.it
1pc2w93,pics,Philip  {OC},0,4,1764662692.0,0.47,False,i.redd.it
1pc157p,pics,(Oc) chicken,0,0,1764656224.0,0.5,False,i.redd.it
1pbzxcl,pics,"Golden autumn at Youth Pond in Albuquerque, New Mexico [OC]",13,0,1764652239.0,0.79,False,i.redd.it
1pbzpe3,pics,Snowman (OC) Canon Rebel XTI,3,1,1764651562.0,0.59,False,i.redd.it
1pbzjxx,pics,Snow Sentinel [OC],17,2,1764651074.0,0.79,False,i.redd.it
1pbzeai,pics,View from my plane looked like opening scene of Bladerunner 2049,364,22,1764650594.0,0.96,False,i.redd.it
1pbz6ij,pics,Benny,36,5,1764649921.0,0.88,False,i.redd.it
1pbyg2l,pics,"Tour Carbonnière, France",12,1,1764647758.0,0.84,False,i.redd.it
1pbxo7e,pics,"[OC] Aoraki / Mt Cook National Park, New Zealand",57,4,1764645591.0,0.95,False,reddit.com
1pbxd2j,pics,[OC] Winter Sunrise in Michigan,58,1,1764644733.0,0.95,False,i.redd.it
1pbx5iz,pics,East 75 St. (OC),27,1,1764644135.0,0.89,False,i.redd.it
1pbx2s5,pics,"Don’t understand this “6-7” joke in our world right now, but here it is on the track.",0,5,1764643923.0,0.31,False,i.redd.it
1pbwi6h,pics,[OC] First Utah mountain snow!,65,8,1764642335.0,0.91,False,reddit.com
1pbw1d5,pics,Winning the lottery,0,5,1764641077.0,0.42,False,i.redd.it
1pbvypa,pics,Winter has arrived! ❄️🚘[OC],0,2,1764640874.0,0.31,False,reddit.com
1pbvsz8,pics,Prayer Leaflet on Airasia Flight,462,169,1764640450.0,0.9,False,i.redd.it
1pbvgs0,pics,ALK lavender farm,8,1,1764639534.0,0.79,False,reddit.com
1pbvbf7,pics,"OC- Buenos Aires, yesterday afternoon",25,3,1764639120.0,0.76,False,reddit.com
1pbuunw,pics,This heart shaped nugget,0,17,1764637869.0,0.43,False,i.redd.it
1pbutki,pics,A cat.,16,2,1764637787.0,0.75,False,i.redd.it
1pbut0p,pics,[OC] walked out to this beautiful sunset on my lunch break,9,2,1764637746.0,0.8,False,i.redd.it
1pbunbw,pics,(OC) The official sword of William Wallace 🗡️ 🏴󠁧󠁢󠁳󠁣󠁴󠁿,5564,235,1764637326.0,0.96,False,i.redd.it
1pbukwk,pics,[OC] Took my girl out for pictures in the snow!,434,20,1764637162.0,0.94,False,reddit.com
1pbuagk,pics,This is my “It’s 3AM and I’m okay” painting. [OC],130,10,1764636402.0,0.93,False,i.redd.it
1pbu30y,pics,Pikachu,0,1,1764635873.0,0.31,False,i.redd.it
1pbtbli,pics,I painted the kind of peace I cannot find outside. [OC],162,6,1764633946.0,0.97,False,i.redd.it
1pbsglh,pics,i believe this is my best painting to date. been painting my whole life. i'm 39.,9144,235,1764631755.0,0.98,False,i.redd.it
1pbsap1,pics,Sedona Sunset,111,5,1764631342.0,0.98,False,i.redd.it
1pbs767,pics,[OC] You don’t see me!,19,5,1764631096.0,0.83,False,i.redd.it
1pbrqs6,pics,I built a tiny gate for the neighborhood kids to use OC,2018,55,1764629968.0,0.97,False,reddit.com
1pbr24p,pics,Cartoon Life vs Real Life 😞,8,3,1764628293.0,0.63,False,i.redd.it
1pbqizy,pics,Just another manic Monday in London [OC],78,4,1764627034.0,0.93,False,i.redd.it
1pbqeii,pics,My kitty in the sunrise,69,2,1764626745.0,0.93,False,i.redd.it
1pbq4vm,pics,"[OC] Went for a short walk, ended up here. Worth it.",11,5,1764626138.0,0.72,False,i.redd.it
1pbq4ri,pics,"Babe, we forgot your Beaver Nuggets!",4485,131,1764626130.0,0.97,False,i.redd.it
1pbq1pw,pics,My teen thought he was clever hiding the elf (OC),101,7,1764625932.0,0.8,False,i.redd.it
1pbpac0,pics,The Musée de l'Armée (Paris Army Museum) is cool [OC],232,20,1764624188.0,0.97,False,reddit.com
1pbp7ze,pics,Friends at Sunset [OC],33,3,1764624035.0,0.87,False,reddit.com
1pbozty,pics,(OC) Just trying myself on landscape photography recently...,18,0,1764623517.0,0.85,False,i.redd.it
1pbob3i,pics,“OC” just thought I’d share my cute dog Roxy who’s 3 and she been there through everything with me,40,0,1764621947.0,0.84,False,i.redd.it
1pbo8de,pics,Maui Sunset (oc),23,1,1764621770.0,0.8,False,i.redd.it
1pbo6i5,pics,"""OC"" Took this photo on my recent last holiday ❤️",63,0,1764621651.0,0.91,False,i.redd.it
1pbnxmp,pics,Bulldog has set up shop until Christmas,11,1,1764621093.0,0.77,False,reddit.com
1pbnp3r,pics,"My mother-in-law's mini horse, Stanley before and after he realizes I am coming to feed him.",2414,20,1764620554.0,0.99,False,reddit.com
1pbmoak,pics,[OC] took these a while ago,0,1,1764618248.0,0.38,False,reddit.com
1pbmn32,pics,[OC] Sauron is Coming…,601,25,1764618168.0,0.97,False,reddit.com
1pbmmso,pics,"OC, not sure where I should go",11,19,1764618152.0,0.6,False,i.redd.it
1pbmkau,pics,"The Vietnam Veterans Memorial, Washington, DC [OC]",44,4,1764617996.0,0.8,False,i.redd.it
1pbmi3y,pics,Took this pic at a concert yesterday [OC],0,1,1764617859.0,0.31,False,i.redd.it
1pbm40x,pics,(OC) sunsent over Lake Michigan,73,2,1764616991.0,0.95,False,i.redd.it
1pblz80,pics,"Night of the Stars, one of my favorite glow-in-the-dark paintings (OC)",10,1,1764616698.0,0.76,False,i.redd.it
1pblhxu,pics,OC- Got new Hot wheels,3,2,1764615654.0,0.6,False,i.redd.it
1pbl645,pics,Road back home from my work camp [OC],347,9,1764614941.0,0.99,False,i.redd.it
1pbl61h,pics,A cold and wet final morning for this mantis [OC],9,1,1764614937.0,0.76,False,i.redd.it
1pbl2ah,pics,Luigi Mangione in New York Court today!,180972,6791,1764614716.0,0.83,False,i.redd.it
1pbl284,pics,"OC- sunset at Marine Drive, Mumbai",4,0,1764614712.0,0.76,False,reddit.com
1pbk500,pics,(OC) Penguins contemplating the cold plunge.,20,2,1764612721.0,0.91,False,i.redd.it
1pbjs0c,pics,Christmas Lights the Night on Vancouver Island (OC),3,4,1764611966.0,0.59,False,i.redd.it
1pbjngb,pics,[OC] Father/Son Skidpad Fun,6,3,1764611694.0,0.67,False,i.redd.it
1pbjlzy,pics,"OC: Sick Lego Mercedes G-Wagon in a mall in Stuttgart, Germany (home of Mercedes)",155,17,1764611608.0,0.96,False,i.redd.it
1pbiv33,pics,"Luigi Mangione in court, NYC, December 1st 2025",120134,4557,1764609973.0,0.87,False,i.redd.it
1pbikyu,pics,Winter Wonder,13,1,1764609365.0,0.7,False,reddit.com
1pbic06,pics,[OC] Wild Strawberries,40,6,1764608813.0,0.82,False,reddit.com
1pbi1r6,pics,John Hancock building seen from 200 N Lasalle. [OC],9,2,1764608214.0,0.73,False,i.redd.it
1pbhyw0,pics,[OC] Birds flock at dusk on the railings.,13,1,1764608033.0,0.8,False,i.redd.it
1pbhytd,pics,"Memorial to the victims of communism. Tallinn, Estonia.",1346,383,1764608029.0,0.8,False,i.redd.it
1pbhjal,pics,"[oc] The Overlords, my drawing about a surreal alien invasion",28,6,1764607061.0,0.85,False,reddit.com
1pbh7ic,pics,[OC] This many options should be illegal…,0,5,1764606326.0,0.13,False,i.redd.it
1pbh3eo,pics,"Our kitten Mimi, yawning [OC]",60,3,1764606070.0,0.85,False,i.redd.it
1pbgl34,pics,Idk. I like this shot of the Golden Gate Bridge,49,6,1764604947.0,0.79,False,i.redd.it
1pbfv79,pics,(oc)it looks like a rabbit…,0,3,1764603324.0,0.07,False,i.redd.it
1pbfopr,pics,(OC) Almost 18 years together… how it started and how it’s going : ),5326,85,1764602928.0,0.93,False,reddit.com
1pbfhlv,pics,[OC] Very disturbing toy in a vintage claw machine.,0,6,1764602483.0,0.28,False,reddit.com
1pbexwt,pics,[OC] A couple of trees,11,1,1764601213.0,0.84,False,i.redd.it
1pbelz8,pics,"The ferris wheel is over 200 feet tall, for perspective.",0,0,1764600400.0,0.45,False,i.redd.it
1pbejhq,pics,Carved Rock,22,3,1764600234.0,0.82,False,i.redd.it
1pbeiz3,pics,My uncle made a comically long broom so he doesn’t have to leave the doorway,800,56,1764600200.0,0.97,False,i.redd.it
1pbdzsq,pics,Brisbane lizard. I was visiting the Koala sanctuary managed to take a snap - not one of the exhibits,14,0,1764598878.0,0.9,False,i.redd.it
1pbdznd,pics,"Noon in Henningsvær, Norway. (OC, today)",740,20,1764598870.0,0.99,False,i.redd.it
1pbdnbv,pics,All the cakes I've made for my 12 yr old,114,12,1764597992.0,0.94,False,i.redd.it
1pbddx1,pics,Blue hour in Sydney [OC],12,0,1764597343.0,0.85,False,reddit.com
1pbcosz,pics,Things I find neat day 364; just a really neat sunset cloud yesterday.,9,0,1764595481.0,0.74,False,i.redd.it
1pbbjhg,pics,OC caves inside mountains,0,1,1764592247.0,0.47,False,i.redd.it
1pbbd5r,pics,Magnets,0,4,1764591708.0,0.36,False,i.redd.it
1pbarj3,pics,[OC] A pic I took of someones drawing on a bench,0,0,1764589799.0,0.4,False,i.redd.it
1pba4lq,pics,OC. Cup of Juice,0,3,1764587571.0,0.28,False,reddit.com
1pba2qe,pics,A black ornament on a fence,0,0,1764587387.0,0.33,False,i.redd.it
1pba1k6,pics,[OC] A pic I took when I visited mussoorie.,60,3,1764587275.0,0.95,False,i.redd.it
1pb9dwy,pics,"[OC] A picture I took of Porto, Portugal.",52,2,1764584920.0,0.97,False,i.redd.it
1pb8m8y,pics,[OC] silence in the mountain.,13,0,1764582010.0,0.85,False,i.redd.it
1pb8aff,pics,"The Kaaba (Masjid Al-Haram), Mecca, Saudi Arabia (OC)",0,1,1764580750.0,0.35,False,i.redd.it
1pb88xu,pics,Dichotomy [OC],4,0,1764580595.0,0.63,False,i.redd.it
1pb8729,pics,"Sunrise over Mecca, Saudi Arabia, 2020 (OC)",0,9,1764580381.0,0.41,False,i.redd.it
1pb74mo,pics,Tour Eiffel in a sunny sunday,24,2,1764576208.0,0.88,False,i.redd.it
1pb73yt,pics,[OC] saw this memorial bench,165,26,1764576145.0,0.94,False,i.redd.it
1pb6nyu,pics,This was really funny to stumble across at 2am,0,1,1764574459.0,0.26,False,i.redd.it
1pb5ruh,pics,"[OC] Photography at Eco Park, Chetpet, Chennai, India",25,2,1764571215.0,0.87,False,i.redd.it
1pb5qk2,pics,Other trash cans are ok. Just not this particular one,56,6,1764571091.0,0.85,False,i.redd.it
1pb5ju7,pics,Changed the sun over Iceland,13,0,1764570444.0,0.69,False,i.redd.it
1pb4zdh,pics,Simi Valley happy face hill [OC],55,14,1764568480.0,0.88,False,i.redd.it
1pb3wd7,pics,Mama is setting a trap.,445,4,1764565064.0,0.96,False,i.redd.it
1pb3u2j,pics,This is my painting of some crows in the forest [OC],27,2,1764564863.0,0.85,False,i.redd.it
1pb3q8z,pics,Come hit me,108,24,1764564515.0,0.9,False,i.redd.it
1pb3q24,pics,"Fire damaged buildings in China Camp, CA - OC",9,2,1764564498.0,0.73,False,reddit.com
1pb35ri,pics,"A section of the Berlin Wall located in downtown Syracuse, NY.",2648,54,1764562748.0,0.99,False,i.redd.it
1pb32qp,pics,Sunset in Hawaii,44,0,1764562501.0,0.92,False,i.redd.it
1pb23ot,pics,[OC] Last Hours of the Thanksgiving Weekend,1157,50,1764559666.0,0.94,False,i.redd.it
1pb20bu,pics,[OC] (⁠≧⁠▽⁠≦⁠) just a moment one forgets.,7,1,1764559401.0,0.67,False,i.redd.it
1pb1u2i,pics,[OC] took this on a trip with friends,32,3,1764558909.0,0.82,False,i.redd.it
1pb1psp,pics,"A picture I took at Bonsai Pipeline during our trip to Oahu, Hawaii 4 years ago.",4,2,1764558583.0,0.59,False,i.redd.it
1pb16rl,pics,(OC) Kids got a ton of frooties at the Christmas parade,9,1,1764557088.0,0.59,False,i.redd.it
1pb131l,pics,Fishing for the right words,0,1,1764556797.0,0.29,False,reddit.com
1pb0x3y,pics,[OC] my university in algeria (USTHB),59,6,1764556320.0,0.91,False,reddit.com
1pb0nij,pics,Hale akala,23,0,1764555551.0,0.78,False,reddit.com
1pb0i42,pics,My pup's last hike 5 years ago today on a foggy trail in West Virginia,226,4,1764555133.0,0.97,False,i.redd.it
1pb09ns,pics,[OC] Red clouds over Mingus Mountain at sunset tonight,40,2,1764554474.0,0.92,False,i.redd.it
1pb09ao,pics,"My late addition to our Christmas tree. So far, my wife and kid have not noticed.",1210,55,1764554449.0,0.97,False,i.redd.it
1pb07pu,pics,[OC] Boat leaving a Glacier,59,8,1764554329.0,0.89,False,i.redd.it
1pb04ww,pics,Juan Soto vs. Lamine Yamal — Two Young Superstars Owning Their Sports for the Next Decade,0,1,1764554108.0,0.32,False,imgur.com
1paz8t5,pics,[OC] Just a little bit of snow in Chicago,23,0,1764551581.0,0.85,False,reddit.com
1paz89z,pics,The red clouds over Mingus Mountain during sunset,35,1,1764551542.0,0.89,False,i.redd.it
1paz736,pics,Custom by Mother Nature,116,6,1764551449.0,0.98,False,i.redd.it
1payngj,pics,Philadelphia skyline at Sunset,12,2,1764549963.0,0.77,False,i.redd.it
1pay7mt,pics,"[OC] Tree near Heathfield, Nidderdale, North Yorkshire, UK",140,4,1764548785.0,0.99,False,i.redd.it
1pay6lw,pics,OC : Istanbul,4,0,1764548712.0,0.63,False,i.redd.it
1pay5ac,pics,My mom packed my daughter snacks in a paper bag older than me. I'm 33.,12284,203,1764548619.0,0.97,False,i.redd.it
1paxz03,pics,[OC] Out &amp; about,0,0,1764548171.0,0.4,False,reddit.com
1paxyfh,pics,[OC] Street &amp; pub shots,0,1,1764548129.0,0.5,False,reddit.com
1paxwoy,pics,Northern California beach birds after sunset,11,2,1764548001.0,0.93,False,i.redd.it
1paxp7v,pics,The storm is coming,28,0,1764547452.0,0.85,False,i.redd.it
1pawuhf,pics,[OC] National Trust castle... Somewhere idk.,9,3,1764545197.0,0.67,False,i.redd.it
1paw6up,pics,[OC] The toilet door of a restaurant in Rome italy,42,4,1764543509.0,0.83,False,i.redd.it
1pavush,pics,The figurehead of the WW2 Liberty ship SS Jeremiah O'Brien,47,3,1764542654.0,0.89,False,i.redd.it
1pavn9u,pics,Parthenon,219,15,1764542114.0,0.96,False,i.redd.it
1pav4nl,pics,The sun’s angle hit these contrails to make a sky shadow,0,1,1764540824.0,0.44,False,i.redd.it
1pav30m,pics,[OC] Sunrise over Lake,43,3,1764540708.0,0.92,False,i.redd.it
1pauhj7,pics,"[OC] Told the kids to put their sunscreen on, next thing I hear is “uh help”",5087,107,1764539236.0,0.96,False,i.redd.it
1paubzd,pics,Water droplets on a fallen leaf [OC],6,0,1764538852.0,0.8,False,i.redd.it
1pau6er,pics,[OC] My old pencil sharpener collection from high school. Each of these are over a decade old.,15,5,1764538475.0,0.65,False,i.redd.it
1pau4nd,pics,OC HandMade Small Model Doll House,22,3,1764538352.0,0.89,False,i.redd.it
1patpgf,pics,"Sorry, just another fav travel pic. I don't know why but I like it",11,4,1764537324.0,0.65,False,i.redd.it
1patfqy,pics,A favorite picture of mine from travels. Curious if anyone knows the location!,252,132,1764536661.0,0.85,False,i.redd.it
1pat9d1,pics,[OC] Spring cherry blossoms,2,1,1764536241.0,0.63,False,i.redd.it
1paswbh,pics,[OC] I recently acquired this cache of old cigarette adds/posters that date back to the 20s,133,31,1764535357.0,0.88,False,reddit.com
1pasvwr,pics,Bleak .. (oc) life in the uk,0,1,1764535329.0,0.47,False,i.redd.it
1pasiai,pics,[OC] Found this gem of a card I made when I was 8. I was so excited to give it to my mom!🥴😂,86,10,1764534427.0,0.95,False,reddit.com
1pascgy,pics,[OC] A picture of a sheep I took in Norway,1087,21,1764534049.0,0.99,False,i.redd.it
1pascf6,pics,[OC] Buildings of Cordoba,1,0,1764534046.0,0.53,False,reddit.com
1pasbgu,pics,[OC] Congress of Cordoba,0,1,1764533983.0,0.44,False,i.redd.it
1pas5wb,pics,[OC] Spring in Córdoba,15,2,1764533608.0,0.75,False,i.redd.it
1parthw,pics,[OC] Jaws (Peahi) on Maui was breathtaking to see in person,88,5,1764532779.0,0.91,False,reddit.com
1parjlc,pics,Featured in The Best of Drawing publication,576,35,1764532113.0,0.93,False,i.redd.it
1par0n4,pics,"[OC] A large artwork I painted for a french client, do you like it",27,3,1764530864.0,0.78,False,i.redd.it
1par0dd,pics,Taken 36 years ago for High School photography class.  Swing set in a cemetery.,1365,23,1764530845.0,0.99,False,i.redd.it
1paqtmn,pics,Found while traveling in Argentina,244,3,1764530398.0,0.95,False,i.redd.it
1paqrqa,pics,OC Cape Canaveral - Star of the Seas,13,101,1764530269.0,0.52,False,i.redd.it
1paqlv7,pics,OC - Cape Canaveral MSC,0,2,1764529874.0,0.44,False,i.redd.it
1paqb1w,pics,(OC)Taken when the corn started coming through,11,0,1764529178.0,0.74,False,i.redd.it
1paq1ch,pics,[OC] First post kicking off with my monochrome clicks,21,2,1764528530.0,0.84,False,i.redd.it
1papcbb,pics,More pics and story from the Hiking Chest Quest journey [OC],4276,108,1764526896.0,0.97,False,reddit.com
1paonuw,pics,Tree in the street light at night,32,1,1764525300.0,0.92,False,i.redd.it
1paomfx,pics,An Enron Semi truck on the interstate today,17,4,1764525211.0,0.71,False,i.redd.it
1paolb0,pics,"Our devoted nanny, Roland, with our babies, 7 years apart.",5500,68,1764525135.0,0.96,False,reddit.com
1paogbs,pics,Crystals,7,0,1764524816.0,0.74,False,i.redd.it
1panwtg,pics,Christmas decorating at the in-laws house and.... PROOF.,19863,869,1764523572.0,0.87,False,i.redd.it
1panteo,pics,A very foggy morning,140,4,1764523346.0,0.99,False,i.redd.it
1pani4r,pics,I got a container of sewing supplies and it had cookies in it [OC],77,15,1764522601.0,0.68,False,i.redd.it
1panavb,pics,Morning meeting with the board in NYC (OC),4,1,1764522129.0,0.75,False,i.redd.it
1pan0l8,pics,[OC] Interesting spiky sculpture at the Botanical Garden,4161,129,1764521464.0,0.98,False,i.redd.it
1pan06q,pics,"Drawings of the Moon in November 30, 1609, by Galileo Galilei",1707,9,1764521438.0,0.99,False,i.redd.it
1pamvec,pics,"Autumn, Amsterdam 🍁(OC)",1,0,1764521128.0,0.53,False,i.redd.it
1pamkj3,pics,it's a quiet fall day outside my kitchen window.,56,3,1764520401.0,0.93,False,i.redd.it
1pamcpc,pics,"Paris, France (OC)",65,1,1764519885.0,0.89,False,i.redd.it
1paljba,pics,Viscous liquid dripping made this,0,0,1764517877.0,0.33,False,i.redd.it
1palhxy,pics,Male cardinal in a snowstorm,820,13,1764517786.0,0.99,False,i.redd.it
1pakyco,pics,"OC Axel, doesn’t want to come inside",14,1,1764516431.0,0.72,False,i.redd.it
1paksdf,pics,Sunset at the Skyride chairlift [OC],46,1,1764516022.0,0.9,False,i.redd.it
1pakfmo,pics,Winter in 🇨🇭Engelberg 🤩 (OC),106,3,1764515135.0,0.97,False,i.redd.it
1pak216,pics,Haida Gwaii,10,2,1764514182.0,0.77,False,i.redd.it
1paiop4,pics,Shirakawa-Go in Fall (OC),29,0,1764510437.0,0.88,False,i.redd.it
1paihh0,pics,Things I find neat day 363; small but nice Mickey’s Christmas Carol houses set,3,0,1764509861.0,0.58,False,i.redd.it
1pai37i,pics,Colorful bug-infested woods (OC),2687,75,1764508709.0,0.98,False,i.redd.it
1pagz0u,pics,"Melbourne, VIC, Australia",198,7,1764505168.0,0.99,False,i.redd.it
1pagu26,pics,"Strength trainings equipment, grippers and a bending bar",0,0,1764504704.0,0.24,False,i.redd.it
1pafggt,pics,Incoming storm over the city [OC],6,2,1764499777.0,0.81,False,i.redd.it
1pae11b,pics,An old street lamp,26,6,1764494322.0,0.81,False,i.redd.it
1pads0y,pics,Pip,27,4,1764493346.0,0.77,False,i.redd.it
1padh1q,pics,Looks like im above the clouds,263,22,1764492156.0,0.93,False,reddit.com
1paddfx,pics,"My grandpa built these secret passageways for his kids, my dad did the same in my childhood home. OC",40167,760,1764491767.0,0.97,False,i.redd.it
1pacemv,pics,Succulents I saw up in Detroit,39,3,1764488055.0,0.87,False,i.redd.it
1pabxj8,pics,Neon Nights in Shenzhen City (OC),33,3,1764486249.0,0.9,False,i.redd.it
1pab1jj,pics,Haystack Rock at Sunset (OC),126,5,1764483043.0,1.0,False,i.redd.it
1paa7dk,pics,"(OC) Lake Travis, Austin, TX",52,6,1764480263.0,0.91,False,i.redd.it
1pa9qnr,pics,"[OC] This is my oil painting of Westminster from Lambeth Bridge, London",251,7,1764478798.0,0.98,False,i.redd.it
