id,subreddit,title,selftext,score,num_comments,created_utc,upvote_ratio,is_self,domain
1tcnlis,pics,[OC] Trump's Star at the Walk of Fame in Hollywood,,25700,372,1778733447.0,0.96,False,i.redd.it
1tcieyp,pics,"The ""Peace President"" Donald Trump dozes off at Board of Peace meeting",,34475,1436,1778719497.0,0.96,False,i.redd.it
1tcuivq,pics,Residential building in Kyiv this morning after a russian attack,,2039,155,1778755868.0,0.96,False,i.redd.it
1tcavst,pics,[OC] This is why we don't call the ambulance in the U.S.,,32841,2015,1778702097.0,0.95,False,i.redd.it
1tcgu0o,pics,Inflation is absolutely nuts right now,,5425,514,1778715436.0,0.95,False,i.redd.it
1tcvcav,pics,"[OC] ""THE DONG"" Old sculpture of mine",,244,100,1778758202.0,0.68,False,i.redd.it
1tcfq5s,pics,$170 gift basket my wife's work got her for nurses week,,2352,281,1778712723.0,0.95,False,i.redd.it
1tc2m16,pics,My client asked me to paint her elderly cat in the place he would dream about(OC),,8825,167,1778685290.0,0.98,False,i.redd.it
1tctrrp,pics,[OC] Alter Ego,,231,4,1778753498.0,0.98,False,i.redd.it
1tcgkx1,pics,"Trump's handpicked nominee for WI-7 House seat is in Duffy's ""lobbyist-funded"" road trip show. (OC)",,1475,60,1778714804.0,0.96,False,i.redd.it
1tcl3ra,pics,[OC] I don't think they thought through that phone number…,,557,39,1778726434.0,0.93,False,reddit.com
1tc97k3,pics,Honda Accord - Bay Area CA - Full tank fill-up,,2234,173,1778698646.0,0.96,False,i.redd.it
1tcqgbk,pics,"[OC] Kallazhagar Temple, Madurai, India",,136,3,1778742424.0,0.91,False,i.redd.it
1tcd017,pics,"Spotted in Elk, CA. This is art tbh",,817,42,1778706618.0,0.93,False,i.redd.it
1tcw4vt,pics,[OC] Hartford Visibility Brigade this am! Aint this the truth!,,51,1,1778760273.0,0.91,False,i.redd.it
1tcij7t,pics,Flashback to my dislocated/separated shoulder. It was 5.5 inches (14 cm) displaced.,,329,72,1778719810.0,0.93,False,i.redd.it
1tcxsib,pics,Illustrated this after seeing Trump's new statue and being reminded of an old poem about kings (OC),,34,3,1778764311.0,0.93,False,i.redd.it
1tc4z3z,pics,(OC) A fire pit that I built into this patio to look like an eye,,1134,97,1778690061.0,0.94,False,reddit.com
1tco9ka,pics,"[OC] Holmenkollen, Norway 🇳🇴",,110,4,1778735447.0,1.0,False,i.redd.it
1tboy2x,pics,An interesting find from the local food box.,,11946,364,1778646097.0,0.94,False,i.redd.it
1tc7in0,pics,A picture of an advertisement for an attorney that specializes in…,,699,109,1778695196.0,0.92,False,i.redd.it
1tcieqv,pics,"Hawk stared me down today - sat outside the window adjacent to my office desk, felt kind of eerie.",,192,21,1778719481.0,0.98,False,reddit.com
1tbpfx3,pics,"[OC] Midnight nightlife in Reykjavik, Iceland",,8397,141,1778647583.0,0.99,False,i.redd.it
1tcv32u,pics,[OC] A large oil painting I made,,26,4,1778757477.0,0.93,False,i.redd.it
1tcbyfi,pics,"""God, are you satisfied with our endurance"" — Sarcastic writing on a cafe door in Tehran",,309,32,1778704382.0,0.86,False,i.redd.it
1tc3plx,pics,OC: China’s Great Wall is being restored one brick at a time,,688,60,1778687533.0,0.93,False,reddit.com
1tbhf7n,pics,Anti-human trafficking billboard[OC],,32727,910,1778626119.0,0.96,False,i.redd.it
1tc9i7g,pics,Tiger at the shore [OC],,303,7,1778699248.0,0.98,False,i.redd.it
1tculj8,pics,"Bergen, Norway [OC]",,13,1,1778756096.0,0.85,False,i.redd.it
1tc4154,pics,Pulled over this morning when the clouds opened over Maui’s sunflower fields [OC],,402,2,1778688165.0,0.99,False,i.redd.it
1tclyf3,pics,"[OC] El Castillo, Chichen Itza",,43,3,1778728715.0,0.91,False,reddit.com
1tctydz,pics,[OC] Nest Around a Lamp.,,10,4,1778754086.0,0.86,False,i.redd.it
1tcu2zj,pics,Saw the new emoji in B&amp;W and had to make this association a reality,,11,3,1778754481.0,0.66,False,i.redd.it
1tbcw2m,pics,My loft has I-beams so I added a hoist.,,15266,529,1778615952.0,0.97,False,reddit.com
1tclfjp,pics,US Post Office Long Beach CA,,38,11,1778727314.0,0.76,False,i.redd.it
1tcsfp2,pics,[OC] Taken at an abandoned church/daycare (2019),,12,0,1778749142.0,0.77,False,i.redd.it
1tcsryn,pics,[OC] Vaporetto and gondolas,,11,0,1778750258.0,0.87,False,i.redd.it
1tcjby1,pics,Waiting,,46,5,1778721822.0,0.82,False,i.redd.it
1tchf1h,pics,[OC] A picture I did using charcoal and pastels. The warmth within.,,54,8,1778716860.0,0.9,False,i.redd.it
1tc7eb6,pics,Just wanted to share a moment of me a random spectator caught at my graduation years ago. Me,,163,14,1778694947.0,0.73,False,i.redd.it
1tbj799,pics,The gate to Michael Jordan's old house I saw during work today,,4316,162,1778630571.0,0.97,False,i.redd.it
1tc4n2d,pics,The most ignored warning in human history [OC],,172,75,1778689379.0,0.87,False,i.redd.it
1tcu4rl,pics,[OC] The lonely merc,,5,5,1778754634.0,0.62,False,i.redd.it
1tcwvg4,pics,"oc - Lake Balaton in the sun, my favourite lake so far",,4,0,1778762149.0,0.75,False,i.redd.it
1tcp3fb,pics,[OC] the morning sky and my mum's car reflecting on the back of this clean truck,,15,0,1778738031.0,0.82,False,i.redd.it
1tciteg,pics,Gettysburg 5/13/26,,34,5,1778720502.0,0.89,False,i.redd.it
1tb53jc,pics,My close friend's mom replaced their family photo with this [OC],,52398,3838,1778599918.0,0.91,False,i.redd.it
1tb6hny,pics,"Way up north in Oneida County, WI, a sign by local Dems calls out GOP for serving billionaires. (OC)",,19372,913,1778602775.0,0.93,False,i.redd.it
1tcy7hu,pics,Dozen eggs for less than a buck,,3,0,1778765267.0,0.67,False,i.redd.it
1tcvtnl,pics,"Rural scenery, town photo",,4,1,1778759489.0,0.83,False,i.redd.it
1tb9hd3,pics,"Mitt Romney, circa. 2012, right before his loss against President Obama in the November Election.",,9912,367,1778608925.0,0.97,False,i.redd.it
1tckcra,pics,Snow-capped mountain surrounded by clear blue water.[OC],,24,0,1778724474.0,0.93,False,i.redd.it
1tcai4y,pics,[OC] Best photo i've taking during my visit to Stockholm last year,,69,0,1778701313.0,0.88,False,i.redd.it
1tck885,pics,OC CN Tower X Fujifilm XT50,,21,1,1778724151.0,0.81,False,reddit.com
1tcydga,pics,A Wine Delivery Service Logo,,2,3,1778765650.0,0.75,False,i.redd.it
1tc3nfe,pics,"Impressing story from the pizza shop, Yerevan",,108,4,1778687413.0,0.92,False,i.redd.it
1tbnyqs,pics,[OC]This Is the Only Naturally Occurring Eucalyptus Species in the Northern Hemisphere,,924,35,1778643275.0,0.91,False,reddit.com
1tcx5e5,pics,[Oc] An eagle hovering over my head 🦅 shot on iPhone 📱,,2,1,1778762833.0,0.67,False,i.redd.it
1tc4tdf,pics,The more you eat,,79,13,1778689730.0,0.87,False,i.redd.it
1tc0a4m,pics,[OC] Brother and Sister,,119,6,1778680263.0,0.91,False,i.redd.it
1tb1fmm,pics,"Brazilian activist Thiago Avila welcomed home as a hero, but his mother died while he was detained.",,12866,1071,1778591950.0,0.86,False,reddit.com
1tc87l6,pics,Promotion of the World Cup in Mexico gets cover in posters for missing people,,45,0,1778696562.0,0.93,False,i.redd.it
1tcccpb,pics,[OC] baby rattle snake,,31,3,1778705235.0,0.79,False,reddit.com
1tch8gr,pics,Skittles [OC],,16,1,1778716425.0,0.76,False,i.redd.it
1tcy5mr,pics,A spider eating a bumblebee,,1,1,1778765151.0,1.0,False,i.redd.it
1taz01m,pics,The Iran War caused Japanese food brand Calbee to temporarily stop printing their bags in color.,,11401,269,1778585980.0,0.98,False,i.redd.it
1tcqol6,pics,Seen on a very high bridge,,4,4,1778743194.0,0.62,False,i.redd.it
1tcapqj,pics,Old school Designer that we often work with still hand draws everything…,,25,2,1778701755.0,0.96,False,reddit.com
1tbnras,pics,[oc] One of my dolls after I accidentally broke its face and then made a new one to replace it,,492,252,1778642692.0,0.8,False,i.redd.it
1tcwuki,pics,[oc] Bee,,0,0,1778762085.0,0.5,False,i.redd.it
1tc13t8,pics,"[OC] A quiet corner of Hartberg, Austria",,55,1,1778682049.0,0.9,False,i.redd.it
1tbu6s6,pics,Urnes stavkyrkje,,142,6,1778663421.0,0.95,False,i.redd.it
1tb6sy2,pics,[OC] Shark photo I took while a few miles off the coast of Oahu,,2808,93,1778603429.0,0.99,False,i.redd.it
1tcbch4,pics,[oc] My dog Benjamin checking out my new glasses,,16,0,1778703071.0,0.85,False,i.redd.it
1tcchd6,pics,Some beautiful trees in my area,,13,3,1778705524.0,0.77,False,reddit.com
1tbu6sm,pics,Tenerife (Spain) [OC],,119,8,1778663422.0,0.95,False,reddit.com
1tc1ol3,pics,[OC] This Dollar General in Northern Indiana has Horse and Buggy parking,,44,5,1778683289.0,0.83,False,i.redd.it
1tbzg7t,pics,"[OC] 3 Cols Trek, Hiking pics (Pralognan-la-Vanoise, Savoie, France)",,50,0,1778678367.0,0.96,False,reddit.com
1tc4s35,pics,"[OC] Leeds, after the rain",,27,6,1778689657.0,0.77,False,i.redd.it
1tca02m,pics,Be more Nuthatch (OC),,17,0,1778700257.0,0.81,False,i.redd.it
1tc8c6w,pics,"Abandoned sign in Yermo, California. (OC)",,17,5,1778696825.0,0.8,False,i.redd.it
1tbishn,pics,I was driving in this area when I came across this[OC],,553,46,1778629554.0,0.89,False,i.redd.it
1tc2e4m,pics,"Being able to do this after work is a privilege. Isfjorden, Norway",,32,0,1778684822.0,0.91,False,reddit.com
1tcdibn,pics,[OC] Brief break in the rain this evening,,8,1,1778707701.0,0.75,False,i.redd.it
1tb6wd2,pics,More Cash for Gossip Signs in DC [OC],,1798,49,1778603627.0,0.98,False,i.redd.it
1tc9ykp,pics,My daughter made a gingerbread man. She says it’s a button. [OC],,11,3,1778700169.0,0.67,False,i.redd.it
1tbyhji,pics,[OC] Cloud formation I saw the other day.,,38,6,1778676087.0,0.9,False,i.redd.it
1tc7ktg,pics,[OC] Appalachia bandit,,12,3,1778695299.0,0.76,False,i.redd.it
1tc6tki,pics,[OC] drive,,10,1,1778693777.0,0.74,False,i.redd.it
1tc6l5j,pics,"""The view from my balcony this morning. Pure serenity. 🌊 [OC]""",,10,0,1778693322.0,0.7,False,i.redd.it
1tbbnjh,pics,Beautiful church in Oaxaca Mexico. I'm not a believer but churches are amazing architectural work.,,587,13,1778613375.0,0.97,False,i.redd.it
1tbsma5,pics,"""OC"" Tour de la Grande Casse hike pics (Pralognanl-la-Vanoise, Savoie, France)",,46,3,1778657961.0,0.93,False,reddit.com
1tc4ahf,pics,"Buccabolds, a small crew of Kobold Pirates and their mighty galleon.",,9,3,1778688683.0,0.64,False,i.redd.it
1tbxj97,pics,[OC] The nature has it’s own way of communicating 🥹,,18,1,1778673660.0,0.82,False,i.redd.it
1tcln1l,pics,Profile of a face in the bark of a Strangler Fig tree in Costa Rica,,1,3,1778727850.0,0.52,False,reddit.com
1tb9woj,pics,"[OC] The Sound of Stillness, my oils on canvas painting",,419,8,1778609768.0,0.97,False,i.redd.it
1tbwy74,pics,oc - Crunnock water looking like a mirror,,17,0,1778672077.0,0.85,False,i.redd.it
1tc2n77,pics,Calistoga home...[OC],,7,0,1778685359.0,0.77,False,i.redd.it
1tbndkn,pics,Venice canals (OC),,68,0,1778641645.0,0.91,False,reddit.com
1tbw829,pics,"Dark Hollow Falls, Shenandoah NP",,14,0,1778670021.0,0.81,False,i.redd.it
1tb18ge,pics,My painting progress over the last 6 months [OC],,830,80,1778591498.0,0.96,False,reddit.com
1tbys2b,pics,Street Vibes. Murcia Spain. On our recent visit.,,9,0,1778676811.0,0.74,False,reddit.com
1tbi2ff,pics,[OC] Didn’t want to take a picture of the space needle today…,,100,5,1778627728.0,0.96,False,i.redd.it
1tam1mh,pics,[OC] A doodle my wife left for me on our front door,,6485,44,1778546966.0,0.99,False,i.redd.it
1tb5vn0,pics,[OC] a photo from Jordan with the dead sea and Palestine in the background,,308,91,1778601514.0,0.67,False,i.redd.it
1tbpa58,pics,[OC] Cloudy mount Fuji,,29,2,1778647104.0,0.77,False,i.redd.it
1tbqx8x,pics,[OC] seashells in a beach,,19,0,1778652233.0,0.82,False,i.redd.it
1tbqc5w,pics,[OC] This couple of gulls on a love sign. We all need a little more.,,20,0,1778650363.0,0.86,False,i.redd.it
1tbkbsn,pics,Looking for the science section of a new library in the south. 1 copy wasn't enough.,,44,80,1778633535.0,0.63,False,i.redd.it
1tbkdfu,pics,"[OC] Jackfruit, the national fruit of Bangladesh.",,34,8,1778633658.0,0.78,False,i.redd.it
1tav1s2,pics,[OC] Tower Of London,,776,27,1778573513.0,0.98,False,i.redd.it
1tbpzb4,pics,"[OC] KM58 facing loaded on the Edson North Road, Alberta, Canada",,15,2,1778649266.0,0.76,False,i.redd.it
1tcbfl8,pics,Filing up my hybrid,,1,41,1778703255.0,0.51,False,i.redd.it
1tbfk1x,pics,"[OC] Mevagissey, Cornwall (UK)",,60,13,1778621743.0,0.92,False,reddit.com
1tbl57a,pics,[OC] Life in Hawai'i. A little friend chillin' on one my houseplants 🦎🪴,,30,3,1778635717.0,0.87,False,i.redd.it
1tbzlop,pics,A Peahen In Frame,,3,0,1778678721.0,0.6,False,i.redd.it
1ta4thj,pics,That gritty mother fucker [OC],,29452,243,1778509386.0,0.95,False,i.redd.it
1tbpuci,pics,[OC] Obese Strawberry,,11,7,1778648840.0,0.7,False,i.redd.it
1tclurd,pics,[OC] Food.,,0,2,1778728434.0,0.33,False,i.redd.it
1ta9o17,pics,Sticker visible when removing the gas nozzle [OC],,9925,161,1778519496.0,0.97,False,i.redd.it
1tc7ur1,pics,[OC] First attempt at stippling with a tattoo machine.,,2,0,1778695846.0,0.6,False,reddit.com
1ta80su,pics,(OC) Northern Michigan…wtf,,12293,1287,1778516109.0,0.95,False,reddit.com
1tcdn1g,pics,"[OC] Accidentally Spooky Shot of the Abandoned Terrance Building in Rochester, NY.",,0,2,1778707985.0,0.5,False,i.redd.it
1tan079,pics,(OC) As seen in Paramus NJ,,1646,13,1778549450.0,0.97,False,i.redd.it
1tc0cco,pics,"Currents at First Light, Capital State Forest, Washington, 2025  [OC]",,1,0,1778680400.0,0.56,False,i.redd.it
1tbe0dt,pics,Lake Superior phone pic from today OC,,49,0,1778618340.0,0.88,False,i.redd.it
1tbklta,pics,"[OC] 📍Clearwater, Florida",,19,3,1778634288.0,0.75,False,i.redd.it
1tc5yet,pics,"[OC] Mauna Kea Beach Resort, Hawaii",,0,1,1778692052.0,0.5,False,i.redd.it
1tb7o26,pics,[OC] A picture I did using charcoal and pastels. Fish supper.,,87,6,1778605226.0,0.93,False,i.redd.it
1tcnmb9,pics,New work truck… doesn’t suck,,0,0,1778733511.0,0.15,False,reddit.com
1tazfkh,pics,"Olden, Norway [OC]",,190,7,1778587142.0,0.98,False,i.redd.it
1tbmfmq,pics,[OC] presque isle sunset,,11,3,1778639087.0,0.84,False,i.redd.it
1tc3tfy,pics,[OC] Took these while the weather kept changing throughout the evening,,0,0,1778687747.0,0.5,False,reddit.com
1tbngoy,pics,Wyoming traffic jam (OC),,9,5,1778641881.0,0.68,False,i.redd.it
1tbmhbc,pics,[OC] Green Heron,,11,1,1778639213.0,0.92,False,i.redd.it
1tbkury,pics,[OC] Photo I took of a Mural while visiting Downtown Atlanta,,11,0,1778634948.0,0.83,False,i.redd.it
1tbt8fk,pics,[OC] Palazzo Cavalli-Franchetti,,4,1,1778660099.0,0.71,False,i.redd.it
1tb79xg,pics,Picture of Mt. Fuji from our hotel room,,52,5,1778604424.0,0.91,False,i.redd.it
1tbcynk,pics,Corporate Nap Structure: Middle Management Supporting Upper Management,,26,0,1778616095.0,0.79,False,i.redd.it
1tcwqg0,pics,New York Times sends out email with modified picture demeaning Kamala Harris.,,0,33,1778761799.0,0.3,False,reddit.com
1tcgkpa,pics,"[OC]Soy de Cuba, y aunque aquí la vida es complicada, quiero compartir un poco de mi",,0,6,1778714792.0,0.41,False,i.redd.it
1tb9srf,pics,[OC] Somewhere in Alaska,,36,0,1778609560.0,0.89,False,i.redd.it
1tbzg67,pics,The Colour Of Spring (OC),,1,0,1778678364.0,0.57,False,i.redd.it
1taat2e,pics,[OC] The greatest metric of our (especially heinous) society,,3048,24,1778521799.0,0.98,False,i.redd.it
1tbimrm,pics,New Day from our Backyard (OC),,12,0,1778629148.0,0.78,False,i.redd.it
1tbz3td,pics,Painting the sky,,1,1,1778677570.0,0.56,False,i.redd.it
1tajz37,pics,[OC] My latest acrylic painting,,951,31,1778541660.0,0.98,False,i.redd.it
1tbbzct,pics,Clearwater Beach cruise in a 1965,,23,0,1778614064.0,0.81,False,i.redd.it
1tccddx,pics,Single bubble in the dead center of my tea,,0,5,1778705279.0,0.44,False,reddit.com
1tayl71,pics,"Glacier National Park on July 1, 1995 [OC]",,85,3,1778584872.0,0.93,False,i.redd.it
1tcfgeb,pics,[oc] some recent scans I got back shot on ultramax 400,,0,5,1778712051.0,0.45,False,reddit.com
1tawfwp,pics,(OC) Black jacobin,,116,3,1778578246.0,0.99,False,i.redd.it
1tc2e1f,pics,Pogo on the Louis Vuitton store,,0,2,1778684817.0,0.47,False,i.redd.it
1tc8gcx,pics,"This is a Joker card from a ""throw back"" deck of cards to 1976.",,0,0,1778697058.0,0.33,False,i.redd.it
1tbv08v,pics,"Ronin Calligraphy Gothic Fraktur, OC, 2026",,2,0,1778666125.0,0.62,False,reddit.com
1tb4chj,pics,[OC] Mother's Day Sunset In Oregon,,30,0,1778598334.0,0.9,False,reddit.com
1tblkz9,pics,[OC] Stare Down,,6,2,1778636864.0,0.72,False,i.redd.it
1tcfdzl,pics,[OC] happy 1st Birthday Beau. Thank you Safeway for a wonderfully decorated cake /s,,0,17,1778711893.0,0.31,False,i.redd.it
1tc6zxu,pics,[OC] drizzle drive,,0,0,1778694126.0,0.2,False,i.redd.it
1tatkfe,pics,"7am arriving at Olden, Norway [OC]",,123,6,1778568528.0,0.98,False,i.redd.it
1tb4ljn,pics,I did a Sunset Oil painting recently and I liked it so much that i decide to make a Sunrise too.,,25,2,1778598862.0,0.9,False,i.redd.it
1tb4mo3,pics,"The cat beautifully enhances the scenery - Novi Sad Fortress, Serbia [OC]",,24,1,1778598924.0,0.81,False,i.redd.it
1tcb7zz,pics,Aritza bag with empty wine bottles and slashes of primary colors Toronto -Summerhill neighborhood OC,,0,3,1778702812.0,0.09,False,i.redd.it
1tceijs,pics,[OC] Some say Coal rolling is the quickest way to a Man’s Heart…,,0,10,1778709898.0,0.26,False,i.redd.it
1tbeye2,pics,Rough Green Snake on bamboo,,8,2,1778620380.0,0.75,False,reddit.com
1t9rg0v,pics,"Seen in Melbourne, Australia on Mother's Day [OC]",,111506,2220,1778469816.0,0.82,False,i.redd.it
1taqhha,pics,Another gem from the found TV Guide.,,144,20,1778558977.0,0.96,False,i.redd.it
1tc6pk9,pics,Someones looking to get touched,,0,8,1778693559.0,0.32,False,i.redd.it
1tb5jh1,pics,"Cat Dip, Acrylics [oc]",,17,1,1778600811.0,0.69,False,i.redd.it
1tb4xrf,pics,[OC] Took these photos when I went to the Huntington Chinese garden,,16,0,1778599582.0,0.87,False,reddit.com
1tbbybl,pics,[OC] My company mascot outside my office.,,7,1,1778614005.0,0.82,False,i.redd.it
1tbqgmh,pics,[OC] UGA Campus Photography.,,1,0,1778650742.0,0.52,False,reddit.com
1t9s0lr,pics,Bruising from my lowspeed motorcycle wreck.,,13102,679,1778471511.0,0.91,False,i.redd.it
1ta2mjg,pics,"[OC] GOP NEEDS BALLS NOT A BALLROOM - Akron, OH 5/8/26",,1692,21,1778504475.0,0.96,False,reddit.com
1t9zh8w,pics,[Not OC] Municipality vehicle delivering free bread in the south of Lebanon.,,2444,137,1778496030.0,0.89,False,i.redd.it
1taf164,pics,"[OC] beach day in Rio, on film",,363,31,1778530483.0,0.93,False,reddit.com
1tafeum,pics,Absolute unit of a soft shell turtle at our neighborhood pond.,,298,6,1778531263.0,0.98,False,i.redd.it
1tafahj,pics,[OC] A picture I did using charcoal and pastels. Evening walk to sleep.,,285,2,1778531017.0,0.97,False,i.redd.it
1tbn73b,pics,[OC] Infrared photo of this lil dude doin his workout,,0,0,1778641176.0,0.44,False,i.redd.it
1tam1fy,pics,Found a TV Guide from the early 1980’s.,,112,13,1778546952.0,0.95,False,i.redd.it
1tb37ct,pics,Electric Gridlines,,7,8,1778595891.0,0.64,False,i.redd.it
1t9k2qq,pics,Israel settlers prevent Palestinian children in the West Bank from using the childrens' soccer pitch,,51706,2389,1778449898.0,0.85,False,i.redd.it
1tbgio7,pics,Travel in India,,1,1,1778623951.0,0.56,False,i.redd.it
1t9w294,pics,"[OC] Few days ago, I mistook the wrong train &amp; got out of my homestate for the first time in my life",,2541,103,1778484384.0,0.95,False,i.redd.it
1tamwa8,pics,If I could bottle the joy she brings me I’d never have a bad day again,,89,6,1778549166.0,0.91,False,i.redd.it
1tb0wls,pics,[OC] The Bubbles - Acadia National Park - Maine,,10,0,1778590767.0,0.92,False,i.redd.it
1tazpi5,pics,( Oc ) 8 AM WAKING UP CORDOBA ARGENTINA,,12,1,1778587824.0,0.83,False,i.redd.it
1taeasn,pics,"[OC] On one lucky morning, everything seemed to align so well (Aug 25, Tunisia)",,189,9,1778528941.0,0.97,False,i.redd.it
1tawjfa,pics,Nostalgia..[OC],,17,0,1778578576.0,0.82,False,i.redd.it
1tb0w8z,pics,[OC] A Bee,,7,6,1778590743.0,0.66,False,i.redd.it
1tbwm1y,pics,Noodles,,0,8,1778671130.0,0.39,False,i.redd.it
1tawdr8,pics,[OC] Soothing Moon,,14,0,1778578053.0,0.9,False,i.redd.it
1tao3uf,pics,Meet Lexie [OC],,50,1,1778552363.0,0.87,False,i.redd.it
1tbcv22,pics,[OC] A little something I made!!! I really love making strange abstract work,,3,0,1778615894.0,0.67,False,reddit.com
1tbigo4,pics,This crab in Hawaii [OC],,0,0,1778628721.0,0.5,False,i.redd.it
1tagc44,pics,(OC) A mother on Mother's Day,,119,4,1778533202.0,0.97,False,i.redd.it
1t9dl7b,pics,The (redacted) and (redacted) Memorial Reading Room,,57376,272,1778435060.0,0.97,False,reddit.com
1ta3v2c,pics,OC - farm fresh eggs brought to me by a coworker. Aren't they lovely!,,416,38,1778507332.0,0.96,False,i.redd.it
1tajowv,pics,It started with a betta fish this year. My wife is the best! Wanted to share her talent,,67,6,1778540978.0,0.82,False,reddit.com
1tb0nl4,pics,[OC]Photographed my diecasts,,5,0,1778590169.0,0.86,False,reddit.com
1t9wqn9,pics,"Nothing says ""I love you"" like a homemade beef wellington for Mother's Day",,967,119,1778486757.0,0.89,False,reddit.com
1tb1j3v,pics,[oc] Valentino NYC 14th st.,,5,0,1778592175.0,0.78,False,i.redd.it
1ta7ar7,pics,I’m in my Lidl warrior era [OC],,194,36,1778514612.0,0.7,False,reddit.com
1tart6n,pics,Calistoga Rose... [OC],,15,3,1778562945.0,0.77,False,i.redd.it
1tb2jvl,pics,"[OC] On Mount Hua's Sky Plank Walk, China. Finally get why Bear Grylls' cameraman needs danger pay",,2,1,1778594484.0,0.58,False,i.redd.it
1t9pgwu,pics,[OC] (May 8) Spencer Pratt films himself arguing with a guy who asked if homeless people are people,,2280,274,1778464250.0,0.83,False,i.redd.it
1tc6pk0,pics,[oc] feeling like batman fr,,0,7,1778693558.0,0.2,False,i.redd.it
1tajg0x,pics,[OC] This pic I took feels like I am in a sci fi movie,,42,14,1778540377.0,0.73,False,i.redd.it
1taou6t,pics,[OC] A Swiss family friend of my late dad’s,,21,19,1778554346.0,0.63,False,i.redd.it
1ta5b05,pics,Under the Mackinac Bridge.,,172,13,1778510443.0,0.96,False,i.redd.it
1t9i8np,pics,Spiders sunbathing in the beach next to my beach towel (OC),,4775,445,1778445471.0,0.95,False,i.redd.it
1tb39cq,pics,[OC] Derby day,,2,0,1778596014.0,0.75,False,i.redd.it
1ta78l9,pics,OC Fire 🔥,,117,4,1778514483.0,0.94,False,i.redd.it
1t9sgqx,pics,Everglades brush fire off US 27. Taken from Everglades Holiday Park.,,943,49,1778472819.0,0.99,False,i.redd.it
1tarqrv,pics,Close up on a Bic lighter [OC],,9,1,1778562737.0,0.64,False,reddit.com
1t9baq9,pics,[OC]My mom's hometown after series of IDF bombs in south Lebanon.,,8808,639,1778429889.0,0.91,False,i.redd.it
1taix28,pics,[OC] Here's some photos of Bees I took,,27,10,1778539077.0,0.85,False,reddit.com
1takgg1,pics,[OC] ancient remnant from the Super Mario Bros era,,19,4,1778542864.0,0.69,False,i.redd.it
1ta10xh,pics,After years of searching… I finally found him OC,,171,46,1778500452.0,0.82,False,i.redd.it
1t9m5g8,pics,[OC] My wife just set up her summer nook. I’m so happy for the season.,,1588,43,1778455225.0,0.98,False,i.redd.it
1taimzd,pics,[OC] Saw two rainbows from my apartment last week,,18,5,1778538400.0,0.92,False,i.redd.it
1tad4b8,pics,[OC] Early birds,,33,1,1778526491.0,0.95,False,reddit.com
1t9cjwa,pics,"(OC)An old married couple sitting on the balcony of their destroyed house, in the suburbs of Beirut.",,3811,87,1778432742.0,0.96,False,i.redd.it
1ta5n5z,pics,[OC] Games labels I drew between the ages 10-14,,67,9,1778511160.0,0.97,False,i.redd.it
1taewnz,pics,[OC] citrus sunrise🌅🍊,,25,1,1778530223.0,0.82,False,i.redd.it
1tabtyc,pics,[ OC] Holland is beautiful in summer,,24,1,1778523876.0,0.9,False,i.redd.it
1tadrp3,pics,Dancers frozen in the air [OC],,20,2,1778527819.0,0.77,False,i.redd.it
1tahuk3,pics,[OC] I spent forever setting up this shot for my crocheted ice cream cone named Lizzy,,11,2,1778536557.0,0.71,False,i.redd.it
1taq3qy,pics,Up to no good,,5,1,1778557922.0,0.67,False,i.redd.it
1t9ahpa,pics,[OC] Getting Gas,,3119,59,1778428079.0,0.97,False,i.redd.it
1ta1aua,pics,Pittsburgh on a foggy morning,,73,1,1778501146.0,0.96,False,i.redd.it
1t9uuy4,pics,Jaguar Roadster [OC],,206,7,1778480363.0,0.98,False,i.redd.it
1ta4pd1,pics,[OC] Spring in the Netherlands is just on another level. This is right across from my local park. 🌸✨,,48,3,1778509140.0,0.94,False,reddit.com
1ta09r3,pics,Stavanger Old Town [OC],,77,1,1778498348.0,0.96,False,i.redd.it
1taxkaj,pics,[OC] Grand Canal in Venice,,0,0,1778581858.0,0.5,False,i.redd.it
1tbhiij,pics,[OC] I took a picture of a woman outside a bar,,0,13,1778626355.0,0.39,False,i.redd.it
1ta6zpy,pics,"A clownfish at the Shedd Aquarium in Chicago, IL [OC]",,22,3,1778513959.0,0.94,False,i.redd.it
1ta8mux,pics,Flower Moon,,20,0,1778517395.0,1.0,False,i.redd.it
1t9pfxb,pics,An Iceberg near my house in Newfoundland.,,288,7,1778464175.0,0.99,False,reddit.com
1tagr9z,pics,[OC] Florianópolis - Brazil,,7,1,1778534100.0,0.9,False,i.redd.it
1tahr5v,pics,"Mamals collection in Goeldi Museum, Belém do Pará, Brazil. Too many Amazon species!",,7,0,1778536344.0,0.89,False,i.redd.it
1talnmm,pics,[OC] nice...but cloudy at the office today,,3,0,1778545949.0,0.67,False,i.redd.it
1tacvhi,pics,[OC] this just brings me such peace,,11,3,1778526007.0,0.83,False,i.redd.it
1ta12hl,pics,Our cat says hi,,40,18,1778500572.0,0.72,False,i.redd.it
1tb8g4s,pics,A U.S. Army soldier tackles the Army's new Bayonet Assault Course at Ft. Benning,,0,14,1778606805.0,0.33,False,i.redd.it
1ta58y8,pics,[OC] Found While Walking Dog,,24,3,1778510315.0,0.76,False,i.redd.it
1ta9oc5,pics,Clematis,,15,2,1778519514.0,1.0,False,i.redd.it
1t8vsml,pics,I married him for his personality…and the wagon.,,29565,793,1778384351.0,0.9,False,i.redd.it
1t9y60m,pics,"A dancer, floating mid air [OC]",,54,11,1778491759.0,0.75,False,i.redd.it
1tb5a7p,pics,My bf Pavel Sokov went on a trip without me for plein air painting with his duds and came back [OC],,0,2,1778600301.0,0.38,False,i.redd.it
1t9asdw,pics,I found a 45 year old Bernie Sanders political poster in my basement,,1255,41,1778428764.0,0.98,False,i.imgur.com
1t8tmu9,pics,"My Grandfathers house burned down as he took his last breath in the hospital. Today, tulips appear.",,34820,175,1778378083.0,0.97,False,i.redd.it
1t9modw,pics,Our first and our latest:) Happy Mother’s Day to all who celebrate!,,298,15,1778456615.0,0.8,False,reddit.com
1tb4n2n,pics,Ariel and Kfir Bibas,,0,3,1778598948.0,0.39,False,i.redd.it
1tahw5s,pics,[OC] Buhurt practice,,4,3,1778536659.0,0.83,False,i.redd.it
1ta94aw,pics,Sunset picnic on a countryside farm,,11,3,1778518393.0,0.88,False,i.redd.it
1ta5xjl,pics,[OC] A pic of a sunset i took last april while fishing,,15,0,1778511748.0,0.94,False,i.redd.it
1t9485y,pics,My new oil painting,,2274,51,1778412000.0,0.97,False,i.redd.it
1tarsks,pics,"Courtyard Russian Orthodox Church, Calistoga, CA [OC]",,3,2,1778562893.0,0.66,False,i.redd.it
1taeu2a,pics,A runner in the studio,,5,0,1778530075.0,0.62,False,i.redd.it
1t9yx6s,pics,"Clouds, Hastings",,30,1,1778494232.0,0.9,False,i.redd.it
1ta1b43,pics,Dog I saw in the parking lot,,18,1,1778501165.0,0.83,False,i.redd.it
1tafjgv,pics,"Abstract landscape in pink/lila with 3 houses, two trees with cherry blossoms by Andrea Lipka [OC]",,4,0,1778531540.0,0.83,False,reddit.com
1ta2qui,pics,An Old Temple,,15,0,1778504756.0,0.94,False,i.redd.it
1tapxwz,pics,OC Silly German Shorse,,0,0,1778557457.0,0.47,False,i.redd.it
1t97szi,pics,"Demonstrators protest GOP effort to put women back in the nursery in deep red Barron County, WI.(OC)",,1009,157,1778421796.0,0.88,False,reddit.com
1tb4fh1,pics,Spilled water on my pants and it looks like a paw print.,,0,0,1778598505.0,0.28,False,i.redd.it
1t9hipt,pics,San Francisco protests [OC],,283,12,1778443819.0,0.87,False,reddit.com
1taawyz,pics,Took this in the Maldives last week,,7,1,1778522020.0,0.88,False,i.redd.it
1t9e02x,pics,[oc] I made breakfast for my mom ☺️,,401,31,1778435987.0,0.93,False,reddit.com
1tacrvw,pics,Ottoman Fountain. Rhodes Archeological Museum. OC.,,4,0,1778525793.0,1.0,False,i.redd.it
1tafhbs,pics,Nature showing off 🌈,,3,0,1778531411.0,0.67,False,i.redd.it
1tb1orv,pics,[oc[ Marbella in may,,0,1,1778592544.0,0.17,False,i.redd.it
1t9iv50,pics,[OC] my first time shooting with continuous lighting.,,211,11,1778446958.0,0.89,False,i.redd.it
1taxygs,pics,The coolest motorbike ever,,0,17,1778583065.0,0.42,False,i.redd.it
1t9eaf4,pics,Pileated woodpecker in Philadelphia Pennsylvania.,,337,8,1778436611.0,0.99,False,i.redd.it
1tb4yux,pics,"Macaroni pasta, with pieces of egg",,0,14,1778599649.0,0.31,False,i.redd.it
1t8uyjw,pics,Photo of a bird taking off that I took,,5354,77,1778381921.0,0.99,False,i.redd.it
1tad4ve,pics,Angry Duck,,4,0,1778526521.0,0.75,False,i.redd.it
1tacx2d,pics,"[OC] Schönbrunn Zoo (was completly soaken,because ofna Stormbut it was worth it )",,3,0,1778526087.0,0.64,False,reddit.com
1tam82o,pics,Late night cravings solved the desi way 🍲(OC),,0,0,1778547437.0,0.44,False,reddit.com
1t9o4wg,pics,"[OC] took this one after work the other day, felt like it needed sharing.",,82,7,1778460579.0,0.96,False,i.redd.it
1ta3pnd,pics,OC-Life of a horse at the top of a mountain.,,6,0,1778506994.0,0.81,False,reddit.com
1t9cefb,pics,"Isle of Skye, Scotland",,311,11,1778432415.0,0.99,False,i.redd.it
1t9shyc,pics,"My painting is called ""Don't Turn Around"" [OC]",,36,4,1778472915.0,0.83,False,i.redd.it
1t9thai,pics,A Tea Plantation in Kenya,,29,3,1778475994.0,0.94,False,reddit.com
1t8fs5x,pics,OC Lebanon: the house of my parents destroyed by israel. The only thing they had during their life,,22369,618,1778354655.0,0.92,False,reddit.com
1t9vefb,pics,"[OC] Milky way from my Campus of Roorkee, India",,21,0,1778482188.0,0.96,False,i.redd.it
1ta646z,pics,Moel Hiraddug above Dyserth in Wales,,4,0,1778512137.0,0.83,False,i.redd.it
1t9qwbk,pics,Triple rainbow,,36,1,1778468245.0,0.94,False,i.redd.it
1t8ol1t,pics,Israel settlers and IDF soldiers force Palestinians to exhume and relocate a buried Palestinian body,,7490,378,1778364476.0,0.91,False,i.redd.it
1t8bgfh,pics,One man protest in Fargo,,35274,151,1778348225.0,0.97,False,i.redd.it
1taqfky,pics,Elbows Up,,0,4,1778558828.0,0.46,False,i.redd.it
1t9mi7n,pics,Some pictures from my walk this morning.,,44,6,1778456164.0,0.86,False,reddit.com
1t9wvz4,pics,"""OC"" Groundhog in Pralognan-la-Vanoise (Hiking photo, France)",,8,0,1778487272.0,0.91,False,i.redd.it
1t9jiqw,pics,Firefighters of Donbas,,65,2,1778448532.0,0.92,False,reddit.com
1taejcf,pics,[OC] Laguna Beach Day and Night at the Boom Boom Room with the besties in 1993,,0,0,1778529452.0,0.5,False,reddit.com
1tapk4i,pics,(OC) creepy photo on the back of a Semi Truck,,0,0,1778556352.0,0.29,False,reddit.com
1tatu7y,pics,[OC] very beautiful potato,,0,2,1778569412.0,0.27,False,i.redd.it
1taqjds,pics,[OC] Biker,,0,2,1778559130.0,0.35,False,i.redd.it
1t9okea,pics,OC-This is my cat Kevin. I now believe he is Batman.,,27,2,1778461746.0,0.76,False,i.redd.it
1t9vfk4,pics,"Old School Logging Equipment. Still Works. Sandspit, British Columbia, Haida Gwaii.",,11,5,1778482292.0,0.72,False,reddit.com
1t9r8vp,pics,Rainy Sunday with fresh bread and hot chocolate,,20,1,1778469231.0,0.82,False,reddit.com
1t9y2m1,pics,"[OC] University students celebrating graduation at Littlefield Fountain, Class of 2026",,4,1,1778491433.0,0.55,False,reddit.com
1t9x4r8,pics,"""OC"" Pralognan-la-Vanoise (Savoie, France) -Summer pic-",,7,2,1778488123.0,0.89,False,i.redd.it
1t8619g,pics,OC: Lebanon. Israel targeted my SIL's home despite no Hezbollah ties. Wife is crying.,,34240,1036,1778335773.0,0.89,False,i.redd.it
1ta5jd8,pics,"[OC] Dress alone, dress with others",,2,2,1778510934.0,0.58,False,i.redd.it
1t93i9w,pics,My brother an me smoking behind the window at our grandfather's house (OC),,343,12,1778409701.0,0.91,False,i.redd.it
1t9y64z,pics,[OC] Tropical themed high heel sandals,,3,1,1778491771.0,0.57,False,reddit.com
1t9wxo5,pics,[OG] Canal Grande view from the Rialto Bridge,,6,0,1778487434.0,0.88,False,i.redd.it
1t9grng,pics,Best Birthday Present Ever!!!! - The Mandalorian!,,57,7,1778442112.0,0.84,False,i.redd.it
1t9ydb0,pics,OC - Cultural Project in Sarajevo. Trying to find those people after all those years,,4,1,1778492439.0,0.71,False,i.redd.it
1t9ctz8,pics,"Daisies for Mother's Day, Happy Holidays (OC)",,83,7,1778433362.0,0.96,False,i.redd.it
1t9s1bx,pics,Gateway of India [OC],,11,0,1778471569.0,0.92,False,i.redd.it
1ta8wzl,pics,[OC] Potted plant,,0,1,1778517987.0,0.5,False,i.redd.it
1taf6tn,pics,My pictures from a walk I took last Friday Also i found this tabletop shop in downtown selling WH40k,,0,2,1778530804.0,0.48,False,reddit.com
1ta7zkc,pics,"OC: The towers of Chvabiani, Georgia",,1,0,1778516037.0,1.0,False,i.redd.it
1t8r17y,pics,[OC] Reflecting Pool during repainting,,1654,369,1778370866.0,0.94,False,reddit.com
1t9fqmt,pics,3 deers hanging out in the shade at the old folks neighborhood.,,44,2,1778439808.0,0.85,False,i.redd.it
1t9okzd,pics,[OC] beautiful sunset,,13,0,1778461789.0,0.81,False,reddit.com
1tanftn,pics,[OC] Revving in a backed up Guzman line. Card gets declined. Beautiful people watching.,,0,3,1778550599.0,0.27,False,i.redd.it
1ta64d1,pics,[OC] pic i took last spring of my steet,,2,1,1778512148.0,0.6,False,i.redd.it
1t9hsmk,pics,[OC] my recent trip to Rome.,,27,2,1778444434.0,0.84,False,reddit.com
1t9j5rv,pics,A forest's worth of driftwood,,24,8,1778447669.0,0.84,False,reddit.com
1t8hckd,pics,[OC] tail section of a Royal Canadian Air Force Dakota that crashed in the Rockies in 1946,,2498,44,1778355876.0,0.99,False,i.redd.it
1t9uw6f,pics,[OC] good morning from this side. here’s our sunrise and me touching grass &gt;&gt;&gt;,,4,4,1778480480.0,0.59,False,reddit.com
1tagqwq,pics,Another pic I took at the museum. A little girl standing in front of an impoverished settlement[OC],,0,3,1778534081.0,0.45,False,i.redd.it
1t9knvl,pics,[OC] Stickers just hit different in the 1980’s…,,14,0,1778451348.0,0.71,False,reddit.com
1t97pz9,pics,License plate of a man who aches (OC),,68,9,1778421611.0,0.91,False,i.redd.it
1t999ze,pics,"At the Edge of Stillness, Olympic Peninsula, Washington, 2025  [OC]",,50,2,1778425285.0,0.89,False,i.redd.it
1t9c2ib,pics,This watermelon reminds me of Face from Nick Jr.,,36,12,1778431664.0,0.82,False,i.redd.it
1t88b2x,pics,"I painted this while my heart burned, trying to leave pain behind and create beauty (OC)",,3633,81,1778341113.0,0.96,False,i.redd.it
1t9wsc8,pics,"Love me some Cloudy Clicks [OC] Tempe, AZ (Shot on iPhone 15 Pro)",,1,0,1778486916.0,0.55,False,reddit.com
1tagpoj,pics,Is this just dust/dirt or am I gonna die [OC],,0,16,1778534008.0,0.35,False,i.redd.it
1t997j2,pics,Flowers and birds painting,,40,0,1778425142.0,0.9,False,reddit.com
1t8s34c,pics,[OC] A 400 year old bonsai tree,,452,12,1778373707.0,0.99,False,i.redd.it
1t8jfdk,pics,[OC] A picture I did using charcoal and pastels. 'Present',,1051,39,1778357485.0,0.98,False,i.redd.it
1t9ognp,pics,Good day on the river [OC],,6,1,1778461467.0,0.8,False,reddit.com
1t94jnp,pics,"Visapur Fort in Maharashtra, India at an altitude of approximately 1,084 meters[OC]",,56,2,1778412972.0,0.91,False,i.redd.it
1t9m7ww,pics,Here’s a pic of a duck with a mark on his chest that looks like a duck. (OC),,5,2,1778455407.0,0.59,False,i.redd.it
1t9lsqb,pics,"[Oc] Duitama, Boyoca, Colombia.",,6,0,1778454289.0,0.75,False,reddit.com
1t8k14l,pics,Portraits I have made over last year,,821,55,1778357959.0,0.92,False,reddit.com
1t9kijl,pics,"I love my sunburnt country (Sunrise, East Coast Australia, 11 03 2026)",,7,1,1778450975.0,0.89,False,i.redd.it
1t9cjii,pics,[OC] Happy Mother’s Day!,,17,0,1778432718.0,0.91,False,i.redd.it
1t8mwby,pics,[OC] I found a maple leaf that is perfectly split in half by color.,,638,17,1778360367.0,0.99,False,i.redd.it
1t7x3fi,pics,"Spotted at Stadtgarten Falafel in Cologne, Germany",,9860,1698,1778308605.0,0.85,False,i.redd.it
1t9hgif,pics,[OC] Brazilian Catholic faith,,9,0,1778443679.0,0.76,False,i.redd.it
1t9b5rp,pics,Happy Mothers Day,,18,0,1778429572.0,0.87,False,i.redd.it
1t85o1q,pics,All the comedians (Netflix is a Joke Fest 2026),,1987,655,1778334885.0,0.89,False,i.redd.it
1t9872q,pics,OC Some of the marbles I have left,,22,4,1778422744.0,0.85,False,i.redd.it
1tahwqr,pics,[OC] I perfectly poured half into each container 🤌,,0,13,1778536698.0,0.26,False,i.redd.it
1t9luvl,pics,"[Oc] valledupar, colombia.",,4,0,1778454448.0,0.75,False,reddit.com
1t9hqga,pics,OC-Sunset Cocktail,,6,3,1778444297.0,0.71,False,reddit.com
1t95exn,pics,[OC] Portrait of an elderly woman in the streets of Varanasi,,25,14,1778415491.0,0.72,False,i.redd.it
1ta8saj,pics,Church Possession [OC],,0,7,1778517707.0,0.36,False,i.redd.it
1t90ev0,pics,Milky way and Andromeda galaxy (adjacent to each other)captured from my phone.(OC),,53,5,1778398959.0,0.95,False,i.redd.it
1t8i7by,pics,Sandhill Crane walking past my window,,452,18,1778356537.0,0.99,False,i.redd.it
1t93r8u,pics,Retro vibes from a T2 Camper,,26,7,1778410527.0,0.8,False,i.redd.it
1t8sqlr,pics,An oil painting that my late mother created.,,157,20,1778375514.0,0.96,False,i.redd.it
1t7v8ej,pics,Alabama GOP House Speaker Nathaniel Ledbetter calls on SCOTUS to overturn the 14th Amendment.,,6769,349,1778302664.0,0.97,False,i.redd.it
1t7pm85,pics,My daughter’s Bluey popsicle melted while upside down but somehow still looks like Bluey [OC],,22745,90,1778286564.0,0.97,False,i.redd.it
1t8psdc,pics,Bold bumper sticker,,218,21,1778367534.0,0.9,False,i.redd.it
1t8hsw8,pics,911 Restomod in the wild,,394,22,1778356228.0,0.96,False,i.redd.it
1t834tn,pics,Lonely church in North Dakota (OC),,1514,72,1778328233.0,0.98,False,i.redd.it
1t95uye,pics,"[OC] Waterfall in Angelina, Brazil",,17,0,1778416795.0,0.89,False,i.redd.it
1tabl6b,pics,[OC] I took a picture of a woman enjoying her drink,,0,5,1778523370.0,0.38,False,i.redd.it
1t9bg5l,pics,Desert landscape is incredible,,6,2,1778430246.0,0.88,False,i.redd.it
1t9077q,pics,OC seen in the Basingstoke Canal a few hundred metres apart,,33,5,1778398219.0,0.81,False,reddit.com
1t85pu3,pics,[OC] Moonie’s first night from the Animal Shelter,,810,10,1778335012.0,0.98,False,reddit.com
1t96jkg,pics,[OC] BACK IN 2022,,10,1,1778418641.0,0.86,False,i.redd.it
1t95s8k,pics,HAPPY MOTHER'S DAY,,12,0,1778416577.0,0.92,False,i.redd.it
1t92h6w,pics,"[OC] Basilica di San Marco in Venice, Italy",,20,0,1778406204.0,0.87,False,i.redd.it
1t8svj5,pics,"My red husky, Bolt",,92,7,1778375900.0,0.95,False,i.redd.it
1t9yqeg,pics,[OC] Quarterback Colt McCoy delivering the keynote address at UT Austin commencement ceremony,,0,2,1778493645.0,0.37,False,reddit.com
1t8xeh4,pics,"The Blue Angels over Vidalia, GA",,34,3,1778389224.0,0.89,False,i.redd.it
1t96giq,pics,Waiting for the Okay,,9,0,1778418423.0,0.76,False,i.redd.it
1t909fy,pics,[OC] took a photo of girgit,,20,4,1778398432.0,0.86,False,i.redd.it
1t8rdt6,pics,Japan Parade NYC Central Park West NYC [OC],,83,7,1778371791.0,0.83,False,reddit.com
1t81jly,pics,[OC] Meals I’ve made from the past few months.,,933,89,1778323411.0,0.9,False,reddit.com
1t8t1lo,pics,[OC] Cecropia moth spotted in one of our work trucks,,60,2,1778376382.0,0.94,False,i.redd.it
1t822wm,pics,(OC) As seen in Paramus NJ on Route 4 East,,850,3,1778325092.0,0.97,False,i.redd.it
1t8pli2,pics,Turban Day 2026 The most colorful day in Times Square [OC],,94,12,1778367030.0,0.77,False,reddit.com
1t8cfm1,pics,[OC] Living the good life,,222,19,1778350370.0,0.98,False,i.redd.it
1t9aoz7,pics,"Best nursery Houston, TX [OC]",,4,0,1778428539.0,0.84,False,reddit.com
1ta0cfu,pics,White beans in a can,,0,4,1778498560.0,0.25,False,i.redd.it
1ta06dd,pics,[OC] Ignore my siblings nasty feet but I was swagged up as a baby🤣,,0,7,1778498088.0,0.29,False,i.redd.it
1t9kz3p,pics,A berry cute spider! (OC),,1,0,1778452150.0,0.57,False,i.redd.it
1t96jx3,pics,(OC) Fleurs de roncier en gros plan.,,3,0,1778418663.0,0.72,False,i.redd.it
1t8xuc0,pics,The beginning of the day brings new hope,,20,0,1778390573.0,0.88,False,reddit.com
1t7ul29,pics,Protests....[OC],,1844,13,1778300651.0,0.98,False,i.redd.it
1t911zl,pics,South China Sea,,10,3,1778401167.0,0.86,False,i.redd.it
1t8y19i,pics,Really pleased that my roses are blooming,,15,0,1778391168.0,0.84,False,i.redd.it
1t8gvez,pics,Jukebox in the bathroom of the bar I was at,,86,40,1778355508.0,0.93,False,i.redd.it
1t95p8z,pics,A Safe Space,,4,1,1778416326.0,0.61,False,i.redd.it
1t8pk8r,pics,[OC] I tried to take a photo of some birds through binoculars (it was really hard),,46,8,1778366939.0,0.85,False,reddit.com
1t9gra5,pics,[OC] My art,,0,0,1778442088.0,0.43,False,i.redd.it
1t8nuoz,pics,"The Canadian Shield! (A short hike from my home in Marathon, Ontario, Canada)",,53,6,1778362638.0,0.94,False,i.redd.it
1t8vp5o,pics,[OC] traditional architecture featuring a sand-colored .facade and Arabic calligraphy,,17,2,1778384068.0,0.82,False,i.redd.it
1t79o3y,pics,"Vandalized property in Philadelphia, 2014 [OC]",,32489,290,1778250658.0,0.97,False,i.redd.it
1t9fvim,pics,[OC]  Cormorant sitting on a log in the Speed river photo bombed by a Canada Goose,,0,0,1778440104.0,0.5,False,i.redd.it
1t8zsjz,pics,Family portrait,,10,0,1778396833.0,0.81,False,i.redd.it
1t967h7,pics,[OC] Beautiful nature,,3,1,1778417766.0,1.0,False,i.redd.it
1t8edk3,pics,Piano in the bathroom of the bar I’m at,,77,41,1778353572.0,0.89,False,i.redd.it
1t8m0tg,pics,"Buckingham Fountain is officially on, which means Summer is fast approaching!",,52,7,1778359555.0,0.85,False,reddit.com
1t958c0,pics,[OC] Black-crowned night heron enjoying the sun,,3,0,1778414976.0,1.0,False,i.redd.it
1t8z8mf,pics,"[OC] Headed out for a quick dusk boat ride, FL",,7,1,1778395008.0,0.82,False,i.redd.it
1t94pfu,pics,"The Cathedral of St. Matthew the Apostle/Washington, D.C.",,3,0,1778413468.0,0.8,False,i.redd.it
1t7l2jq,pics,[OC] Hartford Visibility Brigade again with a perfect message!,,3572,10,1778275207.0,0.98,False,i.redd.it
1t8xku9,pics,[OC] sunlight and young corn plant,,9,3,1778389751.0,0.72,False,i.redd.it
1t8lhrh,pics,It’s a pirate’s life for me!,,43,2,1778359125.0,0.93,False,i.redd.it
1t8sufg,pics,"Chateau Montelena, California. [OC]",,17,1,1778375813.0,1.0,False,i.redd.it
1t8k89g,pics,Being super poor actually works on mother's days,,42,24,1778358111.0,0.62,False,i.redd.it
1t8kpar,pics,[OC] Took this yesterday in Maryland and instantly thought of Windows XP,,38,6,1778358489.0,0.89,False,i.redd.it
1t858b2,pics,Ink wash painting of rose 🌹,,134,5,1778333776.0,0.96,False,reddit.com
1t8psnj,pics,[OC] A cluster of fisherman on the Bosporus.,,23,1,1778367555.0,1.0,False,i.redd.it
1t7ddwv,pics,[OC] Someone shared their feelings at my local gas pump in Alabama,,5800,165,1778258650.0,0.98,False,i.redd.it
1t9274y,pics,[OC] Cloudy sunset - Shot on iPhone 17 Pro Max,,3,1,1778405207.0,0.67,False,i.redd.it
1t8b7ro,pics,These EYES.,,55,5,1778347686.0,0.83,False,i.redd.it
1t8ug85,pics,[OC] Shots from my backyard in the evening.,,9,1,1778380434.0,0.84,False,reddit.com
1t8nxl2,pics,[OC] A fairy place I found,,22,1,1778362833.0,0.93,False,reddit.com
1t8qszw,pics,"[Oc] bogota, colombia",,15,0,1778370231.0,0.88,False,i.redd.it
1t8rd77,pics,Rainwater pooled in a web.,,14,1,1778371742.0,1.0,False,i.redd.it
1t8dmfu,pics,"Street of the Knights, Rhodes, Greece. OC.",,30,0,1778352992.0,0.95,False,i.redd.it
1t8mvob,pics,90s mix tapes... It's a lost art!,,17,2,1778360322.0,0.8,False,reddit.com
1t8qzzp,pics,Sunset in Chania,,11,2,1778370769.0,1.0,False,reddit.com
1t9b2ye,pics,[OC] This tree is a great listener,,0,0,1778429400.0,0.25,False,i.redd.it
1t9jxio,pics,Found this on the street today :) [OC],,0,2,1778449541.0,0.36,False,reddit.com
1t8c794,pics,One of those little moments that made my evening.,,29,1,1778349854.0,0.97,False,reddit.com
1t8oz2v,pics,[OC] Sunset sky,,13,0,1778365454.0,1.0,False,i.redd.it
1t8g0mp,pics,[OC] nepal,,19,0,1778354834.0,0.96,False,i.redd.it
1t8pwk5,pics,[OC] Derby flowers,,9,0,1778367828.0,1.0,False,i.redd.it
1t9hefs,pics,"(OC) This tomato i found today (Chennai,India)",,0,5,1778443547.0,0.41,False,i.redd.it
1t9h49u,pics,My daughter’s take on the “Walking Taco”. (OC),,0,6,1778442899.0,0.32,False,i.redd.it
1t7rnlg,pics,"[OC] Scenes from today’s Grand Opening for three new LA Metro stations, lengthening the D",,367,29,1778292194.0,0.91,False,reddit.com
1t7z6or,pics,The view from our backyard. We just love all this green and open space.,,109,10,1778315624.0,0.95,False,i.redd.it
1t9krbv,pics,[OC] Someone said no,,0,19,1778451590.0,0.43,False,i.redd.it
1t89rdl,pics,"Stained Glass Resurrection Cemetery Mausoleum Justice, IL",,22,0,1778344457.0,0.89,False,i.redd.it
1t99md1,pics,[OC]first time shooting with macro lens. Shot on Sony a7r3 with Tamron 90mm f004 model,,0,3,1778426063.0,0.42,False,reddit.com
1t7skpm,pics,My brother holding me as we ride a turtle and pet a deer. Early 70s at the San Diego Children's Zoo,,246,12,1778294802.0,0.95,False,i.imgur.com
1t95gib,pics,[OC] Statue of a Matador after rain,,0,1,1778415617.0,0.33,False,i.redd.it
1t83dkq,pics,Sunset on Highway 80,,37,4,1778328916.0,0.88,False,i.redd.it
1t9bymq,pics,Light Fixture at a Seafood Restaurant,,0,1,1778431418.0,0.13,False,imgur.com
1t86qmx,pics,June/summer is just around the corner. I’m so hungry!,,25,19,1778337472.0,0.62,False,i.redd.it
1t8a53v,pics,OC The Church of the Beatitudes - the site of Jesus’s Sermon on the Mount!,,19,18,1778345321.0,0.61,False,i.redd.it
1t7349b,pics,"David Attenborough on his wedding day in 1950, with his wife Jane and his brother Richard",,4474,53,1778233384.0,0.99,False,i.redd.it
1t8h7hd,pics,[OC] streetart germany vodafone785,,9,0,1778355767.0,1.0,False,i.redd.it
1t75hxa,pics,"[OC] THE WORM IS STILL ALIVE - Greeting RFK, Jr, in Cleveland, Oh last night at The City Club",,2400,22,1778240696.0,0.99,False,i.redd.it
1t8iqdf,pics,Village Life,,7,0,1778356945.0,1.0,False,i.redd.it
1t8emwu,pics,"Fog, Orioles, and Sun. (OC)",,8,2,1778353769.0,1.0,False,i.redd.it
1t836ij,pics,[OC] Ontario's flower - the trillium,,24,3,1778328365.0,0.92,False,i.redd.it
1t9h961,pics,My Morning Banana [OC],,0,10,1778443215.0,0.25,False,i.redd.it
1t8kmzr,pics,(OC) Photo taken this morning.,,4,4,1778358438.0,0.63,False,i.redd.it
1t8bu64,pics,Bees working on a magnolia flower,,10,2,1778349069.0,0.82,False,i.redd.it
1t7nw8g,pics,The Louvre is a marvel [OC],,222,32,1778282028.0,0.93,False,reddit.com
1t7skhg,pics,Small dog on a donkey that was behind a roadside vendor in Ireland.,,111,10,1778294785.0,0.96,False,i.redd.it
1t7s8y5,pics,[OC] Time spent well with him💗,,108,5,1778293873.0,0.88,False,reddit.com
1t7qh9u,pics,Pink evening primroses (OC),,127,1,1778288929.0,0.99,False,i.redd.it
1t7u565,pics,"Calistoga, California [OC]",,74,2,1778299329.0,0.96,False,i.redd.it
1t6on2r,pics,Pope Leo XIV wearing Nikes,,121399,2313,1778190558.0,0.94,False,i.redd.it
1t7s7bd,pics,"A tribute painting I did for Kobe, acrylic on wood panel (OC)",,94,72,1778293746.0,0.58,False,i.redd.it
1t7m2p5,pics,How life feels these days…,,196,2,1778277570.0,0.94,False,i.redd.it
1t80zut,pics,[OC] Street light viewed from behind branches of a tree,,19,2,1778321558.0,0.89,False,i.redd.it
1t7ptg8,pics,[OC] Posters I spotted while walking around DC,,99,4,1778287116.0,0.85,False,i.redd.it
1t7cuw0,pics,At my kid's school in the cafeteria. No way this wasn't on purpose,,425,30,1778257509.0,0.94,False,i.redd.it
1t87xfs,pics,ITAP of broken ice cover on an Icelandic lake,,4,0,1778340240.0,0.76,False,i.redd.it
1t81wyh,pics,[OC] Basilica di Santa Maria della Salute,,14,0,1778324575.0,1.0,False,i.redd.it
1t80ivf,pics,Cuties relaxing at Palm Spring [oc],,17,0,1778320299.0,0.84,False,i.redd.it
1t86sii,pics,A feather,,7,2,1778337596.0,0.82,False,i.redd.it
1t94ayu,pics,[OC] Ford Kuga sandwiched by 2 same generation ranger rover Evoque's,,0,0,1778412233.0,0.25,False,i.redd.it
1t7zhj4,pics,The mix of historic and modern architecture in Rotterdam [OC],,15,1,1778316683.0,0.8,False,reddit.com
1t70tzb,pics,"The 200 year old Doctor’s Bath on the Isle of Arran, Scotland",,1690,59,1778225488.0,0.99,False,i.redd.it
1t78hbd,pics,He did that,,483,50,1778248058.0,0.87,False,i.redd.it
1t76t56,pics,RFK IS A BIOHAZARD - protesters greet RFK in Cleveland on Thursday,,589,12,1778244159.0,0.94,False,reddit.com
1t6gejj,pics,People in the UK celebrating the death of Thatcher in 2013,,62137,2099,1778172993.0,0.93,False,reddit.com
1t870f7,pics,[OC] Tried taking photos past few months on my phone,,4,3,1778338120.0,0.83,False,reddit.com
1t7jh7e,pics,"OC An interestingly shaped rock - Kassala, Sudan. Taken in 2023",,121,37,1778271670.0,0.89,False,i.redd.it
1t7sena,pics,Just three cuties looking at each other,,39,9,1778294318.0,0.8,False,i.redd.it
1t84lb1,pics,(OC) Epic sure is beautiful in the evening,,5,1,1778332164.0,1.0,False,reddit.com
1t7kw5x,pics,"The Gannet, RSPB Bempton Cliffs, Yorkshire (OC)",,87,3,1778274806.0,0.98,False,i.redd.it
1t7nz9g,pics,"Bearhat Mountain above Hidden Lake; Glacier National Park, Montana 2019 [OC]",,56,4,1778282243.0,0.94,False,reddit.com
1t912hm,pics,"Me and Miss V, June 2011.",,0,2,1778401213.0,0.21,False,i.redd.it
1t7rdva,pics,Saw this painting at the local museum [OC],,33,6,1778291459.0,0.84,False,i.redd.it
1t94w22,pics,A smoke detector,,0,2,1778414013.0,0.14,False,i.redd.it
1t6r7oo,pics,A wild donkey stuck in a septic tank in Arizona,,4093,256,1778196960.0,0.97,False,i.redd.it
1t869b2,pics,"[OC] Adana, Turkey",,3,0,1778336312.0,0.8,False,i.redd.it
1t82h39,pics,Strawberries,,5,0,1778326316.0,0.65,False,i.redd.it
1t7pt6k,pics,"[OC] the world’s tallest free standing totem pole, with a real bald eagle perched on top.",,40,5,1778287096.0,0.91,False,i.redd.it
1t73lmb,pics,Happy Victory over Fascism Day. Greetings from Ukraine.,,522,21,1778234943.0,0.95,False,i.redd.it
1t73562,pics,[OC] Fuel price in Scotland due to the US' actions towards Iran,,545,317,1778233468.0,0.78,False,i.redd.it
1t823os,pics,[OC] This photo was taken at the Greco-Roman Museum in Egypt.,,5,0,1778325162.0,0.78,False,i.redd.it
1t6i1q9,pics,[OC]I don't know if I should laugh or cry,,11553,547,1778176366.0,0.97,False,i.redd.it
1t7z6cr,pics,Polymer clay Grogu and friends.,,5,3,1778315592.0,0.62,False,reddit.com
1t78ave,pics,"ICE-OUT PROTEST-DUBLIN,CA -05/07/2026[OC]",,195,2,1778247638.0,0.93,False,i.redd.it
1t8v6pk,pics,Came across this painting at the museum[OC],,0,5,1778382557.0,0.38,False,i.redd.it
1t89hee,pics,Buenos aires (OC),,0,0,1778343815.0,0.5,False,i.redd.it
1t768di,pics,An Atlantic Puffin takes off on a misty morning [OC],,167,13,1778242683.0,0.96,False,i.redd.it
1t80x80,pics,[OC] morning view I get nowadays 😍,,2,0,1778321317.0,0.57,False,reddit.com
1t7k51t,pics,"[OC] Baker Bell Tower, Dartmouth College, Hanover, NH",,37,3,1778273139.0,0.91,False,reddit.com
1t786ys,pics,A Single Egg Yolk Daffodil Growing in my Yard,,124,3,1778247393.0,0.99,False,i.redd.it
1t7f68m,pics,[OC] Foggy canopy,,53,4,1778262359.0,0.91,False,i.redd.it
1t8v20a,pics,Local news reporter doing a report in front of the city courthouse[OC],,0,4,1778382178.0,0.32,False,i.redd.it
1t7vhmn,pics,Cool star oicture,,6,6,1778303435.0,0.75,False,i.redd.it
1t7teuc,pics,[OC] Pride of Madeira,,6,2,1778297208.0,0.64,False,reddit.com
1t7m69p,pics,[OC] Sometimes less is more….,,19,1,1778277798.0,0.82,False,i.redd.it
1t7imi8,pics,"Cat Dip, Acrylics 🐈 🎨 [OC]",,26,3,1778269793.0,0.8,False,i.redd.it
1t681iw,pics,[OC] A picture I did using wet charcoal and pastels.,,11175,278,1778154221.0,0.98,False,i.redd.it
1t84d5m,pics,Happy Mothers Day (OC),,0,3,1778331598.0,0.46,False,i.redd.it
1t8rvpt,pics,Elevator disused 🟨🟦🖕🟦🟨,,0,6,1778373143.0,0.28,False,i.redd.it
1t7f51p,pics,[OC] A water bear (tardigrade) I found in some moss,,32,5,1778262293.0,0.88,False,i.redd.it
1t7ge5k,pics,A swallow wants to build a nest in my house. It keeps coming back...,,27,7,1778264900.0,0.85,False,reddit.com
1t7nlke,pics,[OC] Spring Buds,,11,1,1778281290.0,0.92,False,i.redd.it
1t6ev2s,pics,[OC] Low-flying over Lake Tahoe,,3338,151,1778169751.0,0.92,False,i.redd.it
1t6f3zx,pics,Cowabunga it is...,,3215,51,1778170260.0,0.97,False,i.redd.it
1t6y9pb,pics,[OC] Break Glass to Break Glass,,283,34,1778217102.0,0.94,False,i.redd.it
1t7sxb4,pics,[OC] Music Night,,5,0,1778295792.0,0.86,False,i.redd.it
1t76l3j,pics,Moon or Sun…I painted this landscape and still can’t decide (OC),,66,31,1778243586.0,0.91,False,i.redd.it
1t7jeld,pics,[OC] Canada Place - Vancouver,,17,1,1778271515.0,0.95,False,i.redd.it
1t6pmok,pics,[OC] Unhoused Patriotism,,827,45,1778192932.0,0.97,False,i.redd.it
1t6w83f,pics,OC : Cables Managed ✅,,324,52,1778210821.0,0.94,False,i.redd.it
1t72uah,pics,"[OC] Found this in the trash. Honestly, looks pretty decent to me",,103,58,1778232427.0,0.67,False,i.redd.it
1t6auji,pics,Fell off a curb a few hours ago,,3957,462,1778161132.0,0.89,False,i.redd.it
1t7b0eh,pics,Close-up photo of a resting Hawaiian green sea turtle on a Maui beach [OC],,34,1,1778253534.0,0.85,False,i.redd.it
1t8hqbi,pics,"Snake charmers in Jemaa el-Fna, Marrakech. The snakes were the only color I kept. [OC]",,0,5,1778356173.0,0.35,False,i.redd.it
1t7p6xo,pics,[OC] Lily,,7,1,1778285404.0,0.77,False,i.redd.it
1t7je7u,pics,Probably my best Pic of Pablo,,13,2,1778271492.0,0.88,False,i.redd.it
1t6pa60,pics,[OC] My subtle street art - superman supporting this brick wall.,,688,9,1778192083.0,0.98,False,i.redd.it
1t6pj11,pics,[OC] A road in Colorado with the Rockies in the background,,670,40,1778192685.0,0.98,False,i.redd.it
1t6nq88,pics,"On this day, 18 years ago. Hezbollah invaded beirut and killed 80 civilians",,808,592,1778188440.0,0.66,False,i.redd.it
1t7fu6f,pics,Bagan in evening light [OC],,18,3,1778263727.0,0.88,False,i.redd.it
1t7qvvt,pics,[OC] Hypercolor Pics,,4,0,1778290047.0,0.64,False,reddit.com
1t6d6n2,pics,81 years ago today - surrender signed - the Reichstag ruins,,2113,60,1778166218.0,0.98,False,i.redd.it
1t7h05e,pics,Cute mushroom with a bonus slug attached [OC],,14,1,1778266238.0,0.86,False,i.redd.it
1t793gz,pics,[OC] Painted an orca and her calf under the moonlight,,28,3,1778249429.0,0.94,False,i.redd.it
1t7rkbq,pics,"San Juan, La Union [OC]",,3,0,1778291957.0,0.8,False,reddit.com
1t85iid,pics,This map looks rather interesting oc,,0,21,1778334496.0,0.42,False,i.redd.it
1t7xvjg,pics,[OC] Sunlight through a young corn plant,,0,0,1778311142.0,0.5,False,i.redd.it
1t5zukb,pics,Protest Outside Tokyo Shinjuku Station.,,14492,225,1778127286.0,0.98,False,i.redd.it
1t887ak,pics,She strong....[OC],,0,21,1778340866.0,0.47,False,i.redd.it
1t6pf12,pics,"[OC] Welcoming RFK, Jr. at the City Club in Cleveland, Oh",,355,27,1778192410.0,0.95,False,i.redd.it
1t7wnjj,pics,[OC] One I took of an IH 1586 a few years ago,,0,0,1778307132.0,0.5,False,i.redd.it
1t7quz2,pics,Employment [OC],,2,1,1778289974.0,0.67,False,reddit.com
1t76aok,pics,My neighborhood has as a free doggie treat depot [OC],,21,1,1778242848.0,0.85,False,i.redd.it
1t6npei,pics,"[OC]Looks like someone didn’t like the sticker that was left here… Kenosha, WI",,330,22,1778188388.0,0.94,False,i.redd.it
1t7u77h,pics,Midnight Roads &amp; City Lights 🌙 (OC),,1,0,1778299492.0,0.67,False,reddit.com
1t86a58,pics,"Alfonso, who moved to WI from Florida to run for Congress, poses with Trump and toy buildings. (OC)",,0,35,1778336368.0,0.46,False,i.redd.it
1t7cp92,pics,[OC] Couldn’t get this scene outta my head,,6,1,1778257169.0,0.67,False,reddit.com
1t78byh,pics,Rush hours..,,10,2,1778247707.0,0.82,False,i.redd.it
1t73dug,pics,Some pictures from Malta [OC],,20,0,1778234256.0,0.8,False,reddit.com
1t7s5bp,pics,"Standing at a trolley station, waiting for the next one [OC]",,0,0,1778293585.0,0.46,False,i.redd.it
1t7eq33,pics,Pink Pineapple Club (no filters/editing),,7,2,1778261433.0,0.73,False,i.redd.it
1t7rvbp,pics,A picture I took of some acrylic paint on a paper plate [OC],,0,1,1778292786.0,0.5,False,i.redd.it
1t7rr8a,pics,[OC] Another day in Dhaka City,,1,1,1778292472.0,0.55,False,i.redd.it
1t7rpc0,pics,[OC] in southern Brazil with a semi-rainbow,,1,0,1778292330.0,0.6,False,i.redd.it
1t77lc3,pics,i've seen a classic Trabant GDR car,,10,9,1778246005.0,0.67,False,i.redd.it
1t82cb1,pics,Bashful wolf (Girlypop and non girlypop version) [OC],,0,2,1778325892.0,0.35,False,reddit.com
1t88ut6,pics,The Rev. James Patrick Flannery [OC],,0,7,1778342397.0,0.24,False,i.redd.it
1t7qt79,pics,Zoo field trip [OC],,1,0,1778289836.0,0.67,False,reddit.com
1t89us5,pics,Scrub Daddy's are shrinking,,0,67,1778344678.0,0.48,False,i.redd.it
1t6mukc,pics,Sometimes the Best Tavern Marketing is Simple,,162,1,1778186501.0,0.96,False,i.redd.it
1t5unej,pics,My favorite fortune,,7198,58,1778112950.0,0.99,False,i.redd.it
1t6bxdy,pics,Hyena at 16mm [OC],,472,12,1778163550.0,0.98,False,i.redd.it
1t7bo1x,pics,Always beautiful — the sea of Batumi [OC],,5,0,1778254944.0,0.86,False,i.redd.it
1t6zloc,pics,[OC] I made a diorama for a crocheted goblin that catches flies with turds,,21,2,1778221379.0,0.89,False,i.redd.it
1t7db4n,pics,A directional sign for surfers,,5,0,1778258481.0,0.72,False,i.redd.it
1t7anq7,pics,[OC] Golden city lights reflecting on the water at night.,,4,2,1778252780.0,0.75,False,i.redd.it
1t6vu98,pics,[OC] Random photos i took from the Baghdad Contemporary Art Installation Festival,,31,3,1778209700.0,0.86,False,reddit.com
1t6ik59,pics,[OC] Muskolini,,159,8,1778177429.0,0.92,False,i.redd.it
1t6ela6,pics,One of my lates boat pieces. I love to paint Sunset and water so here we go!,,244,8,1778169186.0,0.97,False,i.redd.it
1t6gf57,pics,A portrait of the National Road in eastern Ohio [OC],,197,12,1778173029.0,0.96,False,reddit.com
1t71tpd,pics,"[OC] Konark Sun Temple, Odisha 🇮🇳",,11,3,1778228937.0,0.74,False,i.redd.it
1t7f38h,pics,[OC] Buffalo outside ATG Gallery,,2,1,1778262185.0,0.56,False,i.redd.it
1t7epuo,pics,"OC: HP5Plus 400/Fomapan 200 |Canon A1, 50mm f1.4 nFD, Sigma 21-35mm nFD",,2,0,1778261422.0,0.63,False,reddit.com
1t7em57,pics,"Dark crystal, acrylics/canvas, 40x50cm,2026 [OC]",,2,0,1778261210.0,0.63,False,i.redd.it
1t5hcxg,pics,Alex Sinclair was detained and had his kippah cut up by Israeli police to remove a Palestinian flag,,44742,1224,1778083685.0,0.92,False,i.redd.it
1t7k09e,pics,(OC) My record room at midnight when I was a bit drunk.,,0,9,1778272833.0,0.49,False,i.redd.it
1t6u0tk,pics,This picture I took looks like a render,,30,1,1778204596.0,0.86,False,i.redd.it
1t71u6v,pics,[OC] The Grand Canal view from the Rialto Bridge,,9,1,1778228986.0,0.8,False,i.redd.it
1t6rlkd,pics,From France w/ luv [OC],,34,5,1778197969.0,0.84,False,i.redd.it
1t6uztk,pics,Road less traveled...[OC],,22,8,1778207311.0,0.78,False,i.redd.it
1t6d2un,pics,[OC] Eye of a Vulture,,144,16,1778166012.0,0.97,False,i.redd.it
1t75dpz,pics,A germknödelbol,,1,0,1778240360.0,0.55,False,i.redd.it
1t5vvtu,pics,I have a hawk nest in the backyard [oc],,1673,35,1778116223.0,0.99,False,i.redd.it
1t7519h,pics,I feel like this is mmm not okay,,4,9,1778239369.0,0.56,False,i.redd.it
1t6v32v,pics,Falcon and falconer Dubai [OC],,16,0,1778207569.0,0.9,False,i.redd.it
1t6ssud,pics,I found the 56 cypress guy,,19,1,1778201195.0,0.83,False,i.redd.it
1t68fzn,pics,"La Jolla, California [OC]",,187,9,1778155265.0,0.97,False,i.redd.it
1t609tr,pics,I didn’t realize how many kid books we had scattered around the house until I got this bookshelf,,723,39,1778128615.0,0.97,False,i.redd.it
1t6jfx7,pics,[OC] Chrysanthemum I carved for my print club,,55,6,1778179285.0,0.9,False,reddit.com
1t68cbn,pics,"San Mateo, California [OC]",,161,4,1778155018.0,0.98,False,i.redd.it
1t7blcd,pics,[OC] The colors on this flower looked unreal in person,,0,3,1778254786.0,0.42,False,i.redd.it
1t5darm,pics,[OC] Pussy Riot and FEMEN shut the Russian Pavilion at the Venice Biennale,,12528,142,1778074904.0,0.96,False,i.redd.it
1t72js5,pics,Autumn wall. OC.,,3,1,1778231423.0,0.64,False,i.redd.it
1t7a9tc,pics,[OC] New York always looks like a movie set,,0,5,1778251980.0,0.47,False,i.redd.it
1t6illq,pics,A still frame of a cat trying to catch a bird [OC],,48,9,1778177513.0,0.76,False,i.redd.it
1t7pehk,pics,[OC] “American Loyalty” - A Piece from My College’s Art Contest,,0,24,1778285975.0,0.49,False,i.redd.it
1t5bhei,pics,A photograph I took of a dandy poking a cloud. Not AI. [OC],,10980,212,1778070627.0,0.96,False,i.redd.it
1t680ht,pics,[OC] I took this photo a few nights ago. They're keeping a eye on each other.,,120,8,1778154136.0,0.96,False,i.redd.it
1t6l66z,pics,[OC] Some un-graded photos from an ice fishing trip in an undisclosed location in Scandinavia,,27,6,1778182963.0,0.81,False,reddit.com
1t6ao0f,pics,Glass Reflection Rainbow..,,78,11,1778160714.0,0.93,False,i.redd.it
1t6g6sf,pics,[OC] Atlantic City,,41,3,1778172539.0,0.86,False,i.redd.it
1t7p468,pics,[OC] I've made a huge mistake.,,0,2,1778285186.0,0.17,False,i.redd.it
1t6vi2c,pics,"My desk companion, a kitty called Coldfusion [OC]",,7,3,1778208744.0,0.68,False,i.redd.it
1t6inpu,pics,This is my painting of a warm evening in May [OC],,30,1,1778177638.0,0.86,False,i.redd.it
1t68rzv,pics,[OC] HARTFORD VISIBILITY BRIGADE this morning good one!,,87,5,1778156132.0,0.92,False,i.redd.it
1t6ugkn,pics,[OC] sun ☀,,5,0,1778205794.0,0.7,False,i.redd.it
1t5ppxa,pics,This big mini wheat,,1227,331,1778101196.0,0.98,False,i.redd.it
1t6l4a2,pics,(OC) Met this little guy out in the fields of Limerick today.,,18,8,1778182848.0,0.79,False,i.redd.it
1t6p52n,pics,Taj Lake Palace,,11,1,1778191739.0,0.86,False,i.redd.it
1t7d6xr,pics,Blasphemy!!,,0,15,1778258230.0,0.48,False,i.redd.it
1t6lxs0,pics,Killing in the name of...,,13,157,1778184562.0,0.51,False,i.redd.it
1t6fdab,pics,[OC] Stairs,,26,11,1778170796.0,0.65,False,i.redd.it
1t61uqo,pics,[OC] I painted Mufasa,,180,11,1778133682.0,0.94,False,i.redd.it
1t7l3ko,pics,Florida Woman Strikes Again,,0,1,1778275272.0,0.25,False,i.redd.it
1t6rkmf,pics,🌿🐜 Tiny Guardian of the Green World (OC),,6,0,1778197899.0,0.8,False,i.redd.it
1t68z29,pics,"[OC] Asterion, the minotaur of Toulouse",,45,1,1778156642.0,0.92,False,i.redd.it
1t6b0sk,pics,A Burmese fisherman greeting the morning sun [OC],,29,1,1778161534.0,0.89,False,i.redd.it
1t61rhc,pics,[OC] Frodo says hi! 😍,,107,2,1778133392.0,0.94,False,i.redd.it
1t7lfx2,pics,OC Saw this on the morning commute,,0,10,1778276076.0,0.18,False,i.redd.it
1t5gqm5,pics,My Lawnmower (don’t look in the background),,1419,207,1778082385.0,0.81,False,i.redd.it
1t6e7f1,pics,"A rose, pure and beautiful! [OC]",,18,2,1778168382.0,0.87,False,i.redd.it
1t5pgik,pics,Spotted an extremely rare white croc on my visit to Costa Rica,,512,18,1778100613.0,0.91,False,i.redd.it
1t6chil,pics,A man fishing in Gujo Hachiman,,19,1,1778164748.0,0.85,False,i.redd.it
1t5r7qx,pics,[OC] My oil painting,,384,18,1778104493.0,0.96,False,i.redd.it
1t63fdy,pics,"""OC"" Pralognan-la-Vanoise, Hiking Pic at Lac des Vaches (France)",,55,2,1778139030.0,0.95,False,i.redd.it
1t7fopp,pics,"Trump receiving yet another present, a UFC belt this time",,0,20,1778263410.0,0.37,False,reddit.com
1t5v718,pics,[OC] Spring Tulips,,185,1,1778114391.0,0.98,False,i.redd.it
1t62xco,pics,Couple days late for may 4th but here's a butter sculpture I saw at a waffle house in nowhere ohio.,,58,12,1778137301.0,0.85,False,i.redd.it
1t65bc1,pics,A day in Rotterdam: Stunning architecture and city vibes at every corner 🚶‍♂️🏗️[OC],,38,3,1778145826.0,0.86,False,reddit.com
1t522a4,pics,[OC] My dog found some grizzly reasons for us to turn back,,8087,87,1778040185.0,0.99,False,i.redd.it
1t5p0cm,pics,Seen hanging in a San Luis Obispo window today,,319,7,1778099614.0,0.93,False,i.redd.it
1t608r7,pics,Flowers and Birds,,66,5,1778128525.0,0.91,False,reddit.com
1t6bx79,pics,OC my cavalier best friend,,9,1,1778163538.0,0.7,False,i.redd.it
1t59tdy,pics,Absolutely massive snail I saw today (banana for scale),,1396,135,1778066145.0,0.98,False,i.redd.it
1t5vwnn,pics,[OC] got out of the car and almost slipped on this. Almost broke my ass.,,90,57,1778116285.0,0.8,False,i.redd.it
1t6fqkl,pics,[OC] Village prayer,,5,1,1778171580.0,0.73,False,i.redd.it
1t79whw,pics,I fell off a curb a few days ago,,0,7,1778251176.0,0.28,False,i.redd.it
1t63qbk,pics,"[OC] My oil painting of autumn shadows on Eccleston Square in Pimlico, London",,23,0,1778140163.0,0.93,False,reddit.com
1t4pxqg,pics,[OC] Don't blame this guy,,41541,1869,1778009717.0,0.95,False,i.redd.it
1t7fswz,pics,[OC] The Virgin Mary in multiple myeloma cancer cells,,0,21,1778263655.0,0.06,False,i.redd.it
1t6dn5h,pics,[OC] Interesting ceiling at ATG Museum in Buffalo,,4,1,1778167181.0,0.7,False,i.redd.it
1t5kwg4,pics,A playground for blind kids (OC),,221,79,1778090927.0,0.75,False,i.redd.it
1t63fo9,pics,[OC] Seagull atop pier piling!,,18,1,1778139058.0,0.96,False,i.redd.it
1t5yghe,pics,Spotted in Cartagena today.,,41,5,1778123232.0,0.73,False,i.redd.it
1t4p8xm,pics,"[OC] My accidental pirate cosplay in Hyde Park, with a wild parakeet.",,20484,182,1778008251.0,0.97,False,i.redd.it
1t74rp0,pics,Israeli soldier desecrating Virgin Mary statue in Lebanon,,0,32,1778238581.0,0.44,False,i.redd.it
1t5sr5t,pics,OC- This was taken in 1989. Bermuda was a beautiful island!,,77,9,1778108125.0,0.87,False,i.redd.it
1t699zy,pics,[OC] Neither Here Nor There,,6,2,1778157417.0,0.8,False,i.redd.it
1t6bsb8,pics,The way these monks smiled at me [OC],,6,6,1778163239.0,0.56,False,i.redd.it
1t56e86,pics,[OC] A pagoda covered in 27tons of gold,,1019,92,1778054553.0,0.94,False,i.redd.it
1t5ryd7,pics,A bundle of caterpillars [OC],,62,9,1778106177.0,0.89,False,i.redd.it
1t5obhv,pics,OC just my cat sunbathing,,89,4,1778098139.0,0.95,False,i.redd.it
1t6ybxx,pics,"[OC] The new in-N-Out in Vancouver, Washington",,0,7,1778217304.0,0.45,False,i.redd.it
1t5qiel,pics,[OC] Four(+) leaf clovers I found the other day🍀,,69,4,1778102922.0,0.89,False,i.redd.it
1t64e86,pics,[OC] seeing Sakurajima from the plane,,6,1,1778142554.0,0.73,False,reddit.com
1t5vmyr,pics,Homemade Huggy Wuggy mask by my 5th grader,,28,1,1778115575.0,0.82,False,i.redd.it
1t64v84,pics,"""OC"" Aiguille de la Vanoise in Pralognan-la-Vanoise -France-",,7,0,1778144262.0,1.0,False,reddit.com
1t62s6x,pics,[OC] Hi from these cute turtles...,,9,1,1778136808.0,0.85,False,i.redd.it
1t6dd0u,pics,[OC] Night and lampost in the scene...,,2,0,1778166589.0,0.6,False,i.redd.it
1t649ip,pics,"First Presbyterian church in Sialkot, Punjab, Pakistan [OC]",,9,0,1778142078.0,0.91,False,i.redd.it
1t63wg3,pics,[OC] Star trails with the North Star in the center (long exposure: around 1 and a half hours),,8,0,1778140765.0,1.0,False,i.redd.it
1t68srl,pics,"[OC] in Tunisia, took it in the evening",,4,1,1778156189.0,0.7,False,reddit.com
1t5937r,pics,[OC] Fluffy ducklings and their mother.,,327,76,1778063993.0,0.8,False,reddit.com
1t65tql,pics,Four Ravens and One Brave Crow [OC],,5,3,1778147605.0,1.0,False,i.redd.it
1t5db9w,pics,Exiting the cave- Centre Hall PA [OC],,152,6,1778074939.0,0.99,False,i.redd.it
1t5eyn0,pics,The oddly placed fire alarm at the Dr Dre mural at Compton High School... [OC],,119,27,1778078565.0,0.8,False,i.redd.it
1t4d6f3,pics,I made this mushroom lady planter and gave her a plant crown,,35733,597,1777981952.0,0.92,False,reddit.com
1t69760,pics,The battle of the goats [OC],,2,0,1778157221.0,0.75,False,i.redd.it
1t4uxij,pics,TV show films fake protest @ LAPD HQ as real activists protest Flock &amp; police abuse of press [OC],,2094,76,1778020988.0,0.96,False,reddit.com
1t5bp60,pics,[OC] Coffee at Cliveden House,,156,11,1778071171.0,0.97,False,i.redd.it
1t5xwgk,pics,OC Vibrant lights,,11,1,1778121693.0,0.87,False,i.redd.it
1t6rxnu,pics,My coworkers food kept getting stolen,,0,27,1778198832.0,0.43,False,i.redd.it
1t4z1d8,pics,"In the 80's/90's, you paid for the internet by the hour and per search. - CompuServe User Guide 1987",,894,252,1778031750.0,0.96,False,reddit.com
1t58b8s,pics,Spring in Sussex UK  [OC],,189,6,1778061466.0,0.97,False,i.redd.it
1t5oeid,pics,(OC) Sunset,,27,0,1778098318.0,0.91,False,i.redd.it
1t5fzts,pics,[OC] Rain and roads...,,64,4,1778080794.0,0.94,False,i.redd.it
1t5hafy,pics,Frog season is starting -please slow down and watch for the tiny road signs (OC),,57,4,1778083539.0,0.94,False,i.redd.it
1t6twnr,pics,"[OC] So high it's hard to read, and you have to wonder why this is needed (Hotel Room)",,0,14,1778204276.0,0.22,False,i.redd.it
1t5vv9a,pics,Found a Freddy Fazbear's delivery driver today,,10,3,1778116182.0,0.7,False,i.redd.it
1t5v5ua,pics,Sunset from the driveway,,12,0,1778114304.0,1.0,False,i.redd.it
1t5qm0o,pics,Turtle [OC],,15,3,1778103142.0,0.68,False,reddit.com
1t4nm50,pics,"Leave Maga! Rally - Salt Lake City, Utah 5/2/2026 [OC]",,1909,78,1778004843.0,0.95,False,reddit.com
1t5fc38,pics,Mixteco gold piece in Oaxaca museum,,39,1,1778079367.0,0.9,False,i.redd.it
1t4h5zo,pics,This good girl turned 14 yesterday and still refuses to act her age (OC),,3412,27,1777991410.0,0.98,False,i.redd.it
1t5iksq,pics,"Cute little boat in Naxos, Greece [OC]",,23,3,1778086229.0,0.75,False,i.redd.it
1t6fi5f,pics,Heidi Klum at the bookshelf 2026,,0,0,1778171080.0,0.44,False,i.redd.it
1t66dir,pics,[OC] Venetian water Taxi,,1,0,1778149329.0,0.6,False,i.redd.it
1t6i048,pics,[OC] Who's Hooping Right Now,,0,0,1778176275.0,0.43,False,i.redd.it
1t5hlb5,pics,"Here's my tabby cat. He was a kitten when I took these, but they're taken on different dates. [OC]",,28,1,1778084171.0,0.82,False,reddit.com
1t5b2tn,pics,"[OC] Tunnels Beach, Kauai",,57,2,1778069579.0,0.93,False,i.redd.it
1t5ooi2,pics,[OC] Election Night in Budapest on 12th of April,,14,1,1778098908.0,0.9,False,reddit.com
1t5yxfz,pics,[oc] New York reflections in shopping window,,3,0,1778124585.0,0.58,False,i.redd.it
1t570zk,pics,[OC] A huge tree for everyone...,,95,10,1778056902.0,0.93,False,i.redd.it
1t6phhj,pics,Sounds about right 😉👍,,0,3,1778192577.0,0.24,False,i.redd.it
1t5ixr9,pics,"[OC] Pic I took along route 54, Iceland",,22,3,1778086970.0,0.91,False,i.redd.it
1t64tqg,pics,[OC] A picture of the sky I took more than a year ago. Bad quality but I thought it’d fit here.,,0,1,1778144122.0,0.44,False,i.redd.it
1t4415e,pics,These are the Journalists killed by Israel over the past 1000 days [oc],,186112,4802,1777952250.0,0.81,False,reddit.com
1t5gdgj,pics,Long-awaited sakura blossom. [OC],,26,1,1778081601.0,0.91,False,i.redd.it
1t5hv8l,pics,[OC] Those desert storms are so ominous,,14,3,1778084756.0,0.81,False,i.redd.it
1t4nq9d,pics,Interesting Street Art on an abandoned hotel in the Azores,,930,192,1778005084.0,0.78,False,i.redd.it
1t4yapm,pics,Denver today.. 5/5/26,,260,8,1778029754.0,0.98,False,i.redd.it
1t4g3x2,pics,[OC] These Outlets in My Old House,,2022,222,1777989105.0,0.96,False,i.redd.it
1t58vfk,pics,Beautiful magnolia Soulangeana [OC],,38,0,1778063301.0,0.88,False,i.redd.it
1t5oh88,pics,[OC] Tiny menace,,6,0,1778098482.0,0.72,False,reddit.com
1t6jej1,pics,7 magnets. Its giving Venus of Willendorf,,0,0,1778179206.0,0.13,False,i.redd.it
1t5tqva,pics,[OC] Solo una arañita.,,3,0,1778110591.0,0.62,False,reddit.com
1t4urd2,pics,[OC] Rocket launch seen from space,,295,10,1778020562.0,0.99,False,i.redd.it
1t64zbt,pics,"Looking up, a sky and clouds photo",,0,0,1778144657.0,0.44,False,i.redd.it
1t5ddfc,pics,Novice monks [OC],,17,6,1778075078.0,0.72,False,i.redd.it
1t5cxqb,pics,"Along the Dark Shore, Percival Cove, Olympia, Washington, 2026  [OC]",,17,3,1778074069.0,0.91,False,i.redd.it
1t4v4vy,pics,[OC] My latest acrylic painting,,248,28,1778021492.0,0.98,False,i.redd.it
1t6btcv,pics,(OC) Heartfelt Hug,,0,2,1778163303.0,0.36,False,i.redd.it
1t5dgw2,pics,"OC, spotted this morning.",,16,2,1778075294.0,0.72,False,i.redd.it
1t54a50,pics,[OC] A picture I did using charcoal and pastels.,,51,1,1778047171.0,0.86,False,i.redd.it
1t52yb9,pics,[OC] Death of a Funeral Home,,62,12,1778042909.0,0.86,False,i.redd.it
1t50iq3,pics,[OC] I took a picture of the moon,,81,8,1778035808.0,0.94,False,i.redd.it
1t4lsos,pics,(OC) The dandelion that could,,455,9,1778001151.0,0.98,False,i.redd.it
1t5bg1l,pics,[OC] The Quiet After Play,,14,0,1778070534.0,0.85,False,i.redd.it
1t56s1c,pics,Blooming in my favorite park. Serbia,,27,3,1778055965.0,0.86,False,i.redd.it
1t3xe16,pics,I commissioned this piece to surprise my wife for her 40th birthday.,,19132,230,1777934866.0,0.95,False,i.redd.it
1t6cc2e,pics,"Just a restaurant in Shinjuku, Japan",,0,14,1778164428.0,0.41,False,i.redd.it
1t6c3lz,pics,[OC] Reserved for ME,,0,0,1778163932.0,0.24,False,i.redd.it
1t4d7p4,pics,I made an octopus mug and now I am testing glaze colors,,1067,66,1777982047.0,0.97,False,reddit.com
1t5iale,pics,OC: 3 suspected hantavirus case patients are evacuated from the MV Hondius cruise ship,,6,0,1778085644.0,1.0,False,i.redd.it
1t3z10y,pics,Protest at the Met Gala [OC],,9005,79,1777938942.0,0.97,False,reddit.com
1t66jtm,pics,"Where Millions Turn,Time Stands Witness [OC]",,0,13,1778149881.0,0.47,False,i.redd.it
1t5ate6,pics,[OC]Sunrise (guelph - near Toronto - I know I keep saying that but some people do not know),,12,2,1778068898.0,0.77,False,i.redd.it
1t4xl0e,pics,"(OC) an oil painting I made of the Local Gravyard entrance, Slaithwiate Cemetery",,76,1,1778027787.0,0.96,False,i.redd.it
1t64b82,pics,Strawberry,,0,0,1778142249.0,0.22,False,reddit.com
1t5dc5k,pics,Greeting the morning sun [OC],,8,1,1778074994.0,0.83,False,i.redd.it
1t4npf2,pics,[OC] A whiteboard left with minimal oversight.,,206,16,1778005033.0,0.89,False,i.redd.it
1t69ahn,pics,"A store bought crocue monsieur, a grilled cheese sandwich",,0,19,1778157453.0,0.26,False,i.redd.it
1t4xa3u,pics,Montana [OC],,65,1,1778026973.0,0.93,False,i.redd.it
1t4kdue,pics,Some pictures I have taken over the course of 2 years I liked enough to share (OC),,257,7,1777998269.0,0.94,False,reddit.com
1t4g36y,pics,peter thiel ruined cool satan stuff,,402,14,1777989058.0,0.92,False,i.redd.it
1t5hr6n,pics,[OC] Horse 🐎 in a field,,4,0,1778084520.0,0.67,False,i.redd.it
1t53aok,pics,Dreams of murder,,19,0,1778043981.0,0.79,False,i.redd.it
1t3i87i,pics,Art at Met Gala calls out Bezos for workers having to piss in bottles to avoid being punished. (OC),,90272,494,1777902461.0,0.98,False,i.redd.it
1t53zo8,pics,"[OC] Festival - Kerala, India",,14,2,1778046210.0,0.72,False,i.redd.it
1t4njy2,pics,"Utah Data Center Protest - May 4, 2026 [OC]",,104,6,1778004712.0,0.91,False,reddit.com
1t4ml53,pics,Bread and roses cart in Brooklyn on Int workers day,,108,4,1778002757.0,0.96,False,i.redd.it
1t4x6ga,pics,"[OC] Bamberger Dom, Germany",,29,1,1778026693.0,0.86,False,i.redd.it
1t4dc65,pics,[OC] I saw this cool Mad Max looking car driving around,,257,28,1777982390.0,0.92,False,i.redd.it
1t4sa8b,pics,(OC) Picture I took of a condor in Bryce Canyon 2 weeks ago,,52,3,1778014787.0,0.91,False,i.redd.it
1t3r1x2,pics,"A lone resident celebrates his teams victory in Porto, Portugal.",,6048,54,1777921011.0,0.99,False,i.redd.it
1t4m47q,pics,Kung Fu Fighting (Cat edition),,84,2,1778001797.0,0.89,False,reddit.com
1t59of5,pics,[OC] Brussels Central trainstation,,3,0,1778065741.0,0.8,False,i.redd.it
1t4gtkv,pics,(OC) She’s a lil goober,,119,6,1777990678.0,0.85,False,i.redd.it
1t58lel,pics,(OC) Same sunrise Different angle,,3,0,1778062380.0,0.67,False,i.redd.it
1t4qufm,pics,OC the phone camera is broken.. it's looks like childhood dreams,,34,2,1778011651.0,0.8,False,reddit.com
1t5fm3z,pics,A Water Tanker...,,0,2,1778079972.0,0.46,False,i.redd.it
1t4kmyd,pics,Rust remembers every mile,,61,16,1777998789.0,0.83,False,i.redd.it
1t4y0rw,pics,[OC]. Sunset in Guelph (near Toronto),,13,0,1778029008.0,0.86,False,i.redd.it
1t4mojg,pics,"[OC] Chamarel Waterfall, Mauritius",,49,1,1778002940.0,0.92,False,i.redd.it
1t4p035,pics,[OC] Eiffel Tower,,36,4,1778007737.0,0.87,False,i.redd.it
1t4w9zp,pics,[OC] cat stole my phone,,13,4,1778024357.0,0.7,False,i.redd.it
1t5rtfv,pics,"[OC] My plush of Touka Kirishima from ""Tokyo Ghoul"" taken on my legs",,0,0,1778105855.0,0.4,False,i.redd.it
1t43csy,pics,[OC] Today’s NO CONCENTRATION CAMPS IN CALIFORNIA protest at the ICE Detention Facility in LA,,552,8,1777950314.0,0.92,False,reddit.com
1t4jtfp,pics,A magical brown hare…OC,,49,11,1777997059.0,0.78,False,i.redd.it
1t5bs8c,pics,Baarish or Chai Pakode 🌧️☕,,0,0,1778071389.0,0.43,False,i.redd.it
1t4ftv3,pics,First Bloom,,68,1,1777988462.0,0.93,False,i.redd.it
1t3su78,pics,"14-Alarm Fire Burns City Block in Belleville, New Jersey",,1748,97,1777924752.0,0.98,False,reddit.com
1t4ksgw,pics,Caught this orb weaver spider dead center in its web — the geometry is almost hypnotic [OC],,33,3,1777999089.0,0.82,False,i.redd.it
1t3uv7f,pics,I took a picture of a fish house off the coast of Maine,,1234,57,1777929042.0,0.99,False,i.redd.it
1t5rpo4,pics,[OC] We are souls just having a human experience,,0,3,1778105616.0,0.36,False,i.redd.it
1t47lqr,pics,[OC] Today’s NO CONCENTRATION CAMPS IN CALIFORNIA protest at California City Hall,,207,16,1777963466.0,0.88,False,reddit.com
1t5tkbd,pics,[OC] Tried some modelling for a month. This is my first post here.,,0,29,1778110121.0,0.48,False,reddit.com
1t4q1it,pics,Mt Rainier Ntl Park [OC],,18,0,1778009942.0,0.89,False,i.redd.it
1t420uf,pics,[OC] Dyslexia test box,,408,54,1777946779.0,0.93,False,i.redd.it
1t5v4v3,pics,Watching the news at my car mechanic's shop while waiting for my car to get fixed[OC],,0,10,1778114232.0,0.33,False,i.redd.it
1t4w8g3,pics,[OC] Full Bloom Crabapple,,7,1,1778024241.0,0.77,False,i.redd.it
1t4ki2q,pics,(OC) Found the end of the Rainbow at out street light,,26,3,1777998509.0,0.76,False,i.redd.it
1t4318g,pics,Queen Anne's Lace Soaking in the Last Moments of Sunlight [OC],,272,3,1777949451.0,0.98,False,i.redd.it
1t5rkqr,pics,A zionist soldier disrespecting the Virgin Mary,,0,28,1778105310.0,0.4,False,i.redd.it
1t570ii,pics,[OC] A quiet afternoon tea break with a city view,,0,1,1778056852.0,0.43,False,i.redd.it
1t5sh70,pics,[OC] Vintage stapler that seems to be very controversial,,0,10,1778107446.0,0.23,False,i.redd.it
1t4601m,pics,[OC] finally caught one,,147,1,1777958150.0,0.97,False,i.redd.it
1t4zsiu,pics,[OC] Some flowers I received as a gift,,5,0,1778033795.0,0.73,False,i.redd.it
1t56kor,pics,"[OC] Venice the bridge, small but there",,0,1,1778055228.0,0.5,False,i.redd.it
1t3hn9n,pics,[OC] That glow through the osprey wings on the landing.,,2518,32,1777901090.0,0.99,False,i.redd.it
1t5gp7v,pics,"OC, It's a chalk btw",,0,1,1778082304.0,0.43,False,i.redd.it
1t43cqb,pics,[OC] An Opossum I met,,166,4,1777950310.0,0.98,False,i.redd.it
1t5hwkv,pics,Egypt❤️,,0,1,1778084838.0,0.23,False,reddit.com
1t4fafk,pics,[OC] I took a picture of blooming tree,,24,1,1777987211.0,0.83,False,reddit.com
1t4dtd4,pics,Double Rainbow This Morning,,27,1,1777983630.0,0.93,False,i.redd.it
1t549z9,pics,Imaginative Composition [OC],,0,0,1778047157.0,0.5,False,i.redd.it
1t4o7fr,pics,1940s celebrating Nana today,,8,0,1778006095.0,0.79,False,reddit.com
1t4duco,pics,Two Cranes Jumped Over the Moon [OC],,26,2,1777983703.0,0.84,False,i.redd.it
1t4fxof,pics,[OC] Bleeding hearts,,20,4,1777988705.0,0.85,False,i.redd.it
1t4s7in,pics,"[OC] Sunset over lake in Pagosa Springs, CO! 🇺🇸",,4,0,1778014620.0,0.76,False,i.redd.it
1t4waf1,pics,(OC) a diner and a math formula,,4,12,1778024391.0,0.54,False,i.redd.it
1t5jelp,pics,[OC] A picture of myself in a living space.,,0,6,1778087916.0,0.38,False,i.redd.it
1t4tjhb,pics,[OC] End Of The Line,,5,1,1778017625.0,0.73,False,i.redd.it
1t3lg9z,pics,Steinway Tower in New York,,1012,162,1777909407.0,0.93,False,i.redd.it
1t4sk7g,pics,Beautiful nature✨ [OC],,3,0,1778015385.0,0.64,False,i.redd.it
1t4kiyt,pics,OC Sunrise 5/5/26 Cerrillos New Mexico,,9,6,1777998562.0,0.74,False,reddit.com
1t48j8n,pics,Paris - The good shots are not at Trocadero,,44,3,1777966770.0,0.79,False,reddit.com
1t4a31c,pics,OC. Morning hike with the rc truck,,32,9,1777972396.0,0.74,False,reddit.com
1t4chl6,pics,Santa Monica Pier,,22,0,1777980032.0,0.83,False,i.redd.it
1t35bam,pics,[OC] That oughta stop those pesky Pokemon scalpers,,10026,53,1777862650.0,0.99,False,i.redd.it
1t4qn92,pics,"Patmos, Greek Islands. Police Station. OC.",,4,0,1778011238.0,0.65,False,i.redd.it
1t43qqz,pics,"Rind, with a hint of grapefruit",,72,11,1777951413.0,0.94,False,i.redd.it
1t3odk6,pics,[OC] A picture I did using charcoal and pastels. A small companion.,,444,11,1777915464.0,0.98,False,i.redd.it
1t4oflu,pics,[OC] Residency,,5,0,1778006574.0,0.7,False,i.redd.it
1t4iyh8,pics,"[OC], Abstract acrylic on canvas painting of hourglasses, ""hourglasses"", 2026",,8,3,1777995279.0,0.7,False,i.redd.it
1t3curl,pics,Trump menacingly over the US flag from his banner at the department of Justice,,1561,179,1777887577.0,0.93,False,i.redd.it
1t3vayr,pics,I found a majestic frog statue on my walk.,,168,3,1777930019.0,0.97,False,i.redd.it
1t45h5d,pics,[OC] Pretty spring Rhododendrons 🌸,,42,4,1777956529.0,0.98,False,i.redd.it
1t48agm,pics,Lost in the historic streets of Brussels. 🕯️🕰️[OC],,25,2,1777965884.0,0.82,False,reddit.com
1t3y2kv,pics,This Great Blue Heron,,113,0,1777936520.0,0.98,False,i.redd.it
1t4xrun,pics,[OC] Fun With Flares,,0,0,1778028319.0,0.5,False,i.redd.it
1t4i805,pics,[OC] - Rainy day at Recoleta Cemetery in Buenos Aires,,3,1,1777993690.0,0.64,False,i.redd.it
1t40v7x,pics,Myself as a Child (Circa 1995) [OC],,63,31,1777943728.0,0.82,False,i.redd.it
1t4bgmr,pics,"(OC) Wienerschnitzel, View Park CA",,12,2,1777976975.0,0.77,False,i.redd.it
1t3sj8o,pics,Cows don’t need GPS to find their way home (OC),,146,8,1777924107.0,0.94,False,i.redd.it
1t4881o,pics,"Stunning view of the Pacific Ocean at dinner. Big Sur, CA [OC]",,18,0,1777965631.0,0.85,False,i.redd.it
1t49mpo,pics,[OC] St Mark’s Clock Tower in Venice,,13,2,1777970768.0,0.89,False,i.redd.it
1t43mz0,pics,[OC]  the sunset was so pretty,,34,3,1777951101.0,0.84,False,reddit.com
1t4a4ml,pics,Sky Through Chestnut Leaves [OC],,10,1,1777972549.0,0.86,False,i.redd.it
1t2sxt8,pics,Freedom flotilla activist Thiago Avila appears in Israeli court,,19276,1579,1777831998.0,0.91,False,i.redd.it
1t46qj4,pics,"[OC] Puerto de San Carlos, Rio San Juan, Nicaragua. En frente de ti… el Lago Cocibolca.",,19,0,1777960530.0,0.95,False,i.redd.it
1t4rimp,pics,[OC] Cathedral Of Leaves,,0,0,1778013096.0,0.5,False,i.redd.it
1t34wyr,pics,[OC] $6 burger from Burger King,,2346,559,1777861546.0,0.86,False,reddit.com
1t31vzp,pics,This baby bunny I almost hit with the lawn mower,,3239,81,1777853305.0,0.98,False,i.redd.it
1t3tax6,pics,[OC] A picture I did in charcoal and pastels for the 40th anniversary of the The Highlander.,,73,2,1777925709.0,0.95,False,i.redd.it
1t44eur,pics,A lake I found,,18,1,1777953360.0,0.89,False,i.redd.it
1t2ng8h,pics,Israel's National Security Minister 50th birthday cake (the noose is a reference to palestinians),,32503,1762,1777819675.0,0.9,False,i.redd.it
1t58q5v,pics,Muesli with dried pieces of fruit (store bought),,0,5,1778062818.0,0.2,False,i.redd.it
1t40882,pics,[OC] Rain in the Dhaka city,,27,3,1777942051.0,0.87,False,i.redd.it
1t489ok,pics,"Mural Collection - Largo do Machado, Rio de Janeiro",,7,0,1777965805.0,0.74,False,i.redd.it
1t3z59w,pics,Lake Tahoe as seen by a 5-year old,,30,4,1777939238.0,0.77,False,i.redd.it
1t401b1,pics,Post-bath vibes,,23,4,1777941537.0,0.76,False,i.redd.it
1t3br70,pics,[OC] Travelling in China and came across this cat patrolling a corner,,475,40,1777883733.0,0.96,False,reddit.com
1t549hd,pics,Sergei Brin (co-founder of Google) and his wife wearing Lion and Sun pins at the Met Gala,,0,4,1778047110.0,0.37,False,i.redd.it
1t2yehp,pics,(OC) gas prices lately,,3333,488,1777844345.0,0.89,False,i.redd.it
1t3uuqc,pics,Wanting him here with me [OC] Northamptonshire UK,,45,3,1777929014.0,0.95,False,i.redd.it
1t32c8j,pics,Parked next to this 90’s Chevy Astro van [OC],,1655,54,1777854533.0,0.99,False,i.redd.it
1t3x20t,pics,I interrupted a very important meeting of minds,,29,2,1777934076.0,0.88,False,i.redd.it
1t3ptpx,pics,"A novice monk in the town of Kalaw, Myanmar [OC]",,62,1,1777918455.0,0.95,False,i.redd.it
1t510if,pics,[OC] “Greed” $2.22/L while showing advertisements.,,0,10,1778037142.0,0.43,False,i.redd.it
1t3mmw0,pics,A small man-mad waterfall I came across today ⛲[OC],,83,14,1777911881.0,0.9,False,i.redd.it
1t2xvit,pics,Stranded Spirit plane at Baltimore Airport,,2848,109,1777843092.0,0.98,False,i.redd.it
1t3v9rs,pics,Cyprus 04_05_2026,,32,3,1777929941.0,0.92,False,i.redd.it
1t4jl5e,pics,"A Journey of an Ant in a Tiny World"". OC",,1,0,1777996598.0,0.57,False,i.redd.it
1t4jelt,pics,Urban Palm 🌴🏙 (OC),,1,2,1777996220.0,0.6,False,i.redd.it
1t3wl72,pics,Trip from barcelona,,23,3,1777932958.0,0.79,False,reddit.com
1t4ixgr,pics,[OC] Bald Tree in park,,0,0,1777995218.0,0.5,False,i.redd.it
1t3wy53,pics,The Path In Stone,,23,5,1777933816.0,0.77,False,reddit.com
1t501uu,pics,[OC] made a hoodie with 8 arms for a brand called sp5der,,0,8,1778034512.0,0.39,False,i.redd.it
1t3lcxt,pics,Went fishing late :),,72,3,1777909213.0,0.94,False,reddit.com
1t3gziv,pics,[OC] Caught Daisy trying to have fun,,118,5,1777899566.0,0.96,False,i.redd.it
1t3ki4g,pics,"[OC] Coit Tower and the Bay Bridge side by side, San Francisco",,76,3,1777907400.0,0.98,False,i.redd.it
1t506ju,pics,Corner of the ceiling in my friend’s kitchen.,,0,3,1778034874.0,0.26,False,i.redd.it
1t4z96a,pics,Coming up a little short on measurement. [OC],,0,1,1778032331.0,0.26,False,i.redd.it
1t36diz,pics,"My wife turns 40 tomorrow. To ring out the last day of her 30's, I made her a Monte Cristo.",,520,33,1777865726.0,0.94,False,i.redd.it
1t4s8xb,pics,Sno-Cap Chocolate Chip Cookies! (OC),,0,3,1778014704.0,0.3,False,i.redd.it
1t4vgmw,pics,Museum I passed by while riding Amtrak,,0,4,1778022280.0,0.42,False,i.imgur.com
1t3hcyx,pics,Doorstop in a local restaurant bathroom,,88,6,1777900407.0,0.9,False,i.redd.it
1t3sff0,pics,A very friendly Jumping Spider I made friends with today [OC],,23,1,1777923886.0,0.83,False,i.redd.it
1t3p3ox,pics,[OC] full moon rising over the Sea of Cortez,,30,1,1777916950.0,0.9,False,i.redd.it
1t3l3lf,pics,A blooming chestnut tree. Serbia [OC],,51,1,1777908650.0,0.95,False,i.redd.it
1t3rttz,pics,"Beach on Dhigurah, a local island of the Maldives. [OC]",,24,1,1777922622.0,0.91,False,i.redd.it
1t3glej,pics,[OC] My dog in a bucket,,76,2,1777898590.0,0.9,False,i.redd.it
1t4sjmt,pics,(OC) A view of my bedroom after a rainstorm,,0,15,1778015352.0,0.44,False,i.redd.it
1t3y7a8,pics,Airplane fuselages being transported by train (Montana),,9,3,1777936854.0,0.7,False,reddit.com
1t2uste,pics,I met a duck with amazing hair,,1846,87,1777836084.0,0.99,False,i.redd.it
1t4rrgu,pics,[OC] Red Hunger,,0,0,1778013634.0,0.3,False,i.redd.it
1t3kfmu,pics,I call this “Damn Mosquitoes In Wet Paint”,,41,9,1777907252.0,0.82,False,i.redd.it
1t3wyt8,pics,An old school advertisement I saw [OC],,12,14,1777933862.0,0.71,False,i.redd.it
1t3taab,pics,[OC] small town life Honduras 🇭🇳,,15,0,1777925673.0,0.9,False,i.redd.it
1t3mise,pics,Beautiful sunsets - my love🌅😍 [OC],,29,1,1777911634.0,0.88,False,i.redd.it
1t4b8hg,pics,"[OC] Full moon bathers, Wellington waterfront last Friday night",,0,3,1777976258.0,0.49,False,i.redd.it
1t3jwwt,pics,[OC] Blue Oyster Mushrooms (first try),,30,8,1777906152.0,0.82,False,i.redd.it
1t3nzdx,pics,"[OC] Some shots from the Jack in the Green May Day celebrations in Hastings, UK today",,21,0,1777914650.0,0.83,False,reddit.com
1t4agh5,pics,(OC) Escarabajo con flor,,3,2,1777973686.0,0.6,False,i.redd.it
1t4rp6f,pics,Eating chocolate like this felt right [OC],,0,0,1778013491.0,0.19,False,i.redd.it
1t3tj8e,pics,Hunter man :),,10,1,1777926206.0,0.74,False,i.redd.it
1t320i4,pics,No TP is Safe from Mr. Murphy! [OC],,387,7,1777853651.0,0.95,False,i.redd.it
1t2m6bl,pics,"A Dragon Blood Tree on Socotra Island, Yemen, nature's own umbrella [OC]",,2558,31,1777816634.0,1.0,False,i.redd.it
1t3k1h4,pics,[OC] just chilling,,25,1,1777906432.0,0.88,False,i.redd.it
1t3ilxa,pics,[OC] My first day birding,,26,4,1777903311.0,0.87,False,reddit.com
1t3u5ee,pics,"Early morning sky, moon behind the clouds, then when it peeled out - OC",,9,1,1777927507.0,0.77,False,reddit.com
1t4qvxe,pics,Today I found gas for Ↄ.599.  This can't be good.,,0,7,1778011736.0,0.22,False,i.redd.it
1t3s4lt,pics,"Red chestnut, spring blooming [OC]",,10,0,1777923241.0,0.91,False,i.redd.it
1t3dgjx,pics,[oc] back when i was in Finland 2 years ago,,49,3,1777889599.0,0.91,False,i.redd.it
1t4zx9r,pics,[OC] My yellow teeth,,0,6,1778034157.0,0.08,False,reddit.com
1t30an0,pics,"[OC] (Reposting) - Lost My Right Arm, So I Designed A One-Handed Controller To Game Again",,391,71,1777849098.0,0.96,False,reddit.com
1t4llp2,pics,I'm at the McDonald's. I'm at the Thrift Store. I'm at the combination McDonald's Thrift Store.,,0,9,1778000762.0,0.38,False,reddit.com
1t487ua,pics,"[OC] A book, window and shadows....",,0,1,1777965607.0,0.4,False,i.redd.it
1t3jc28,pics,Picture I took at Chihuly Garden,,20,8,1777904895.0,0.8,False,i.redd.it
1t380oa,pics,OC - never saw a seagull with a starfish before! Sorry its not a great pic,,121,16,1777870787.0,0.91,False,i.redd.it
1t30y1e,pics,[OC] My new oil painting,,329,35,1777850792.0,0.97,False,i.redd.it
1t2zgtn,pics,After struggling to hit a ball straight all evening. Hole in 1 on a par 4 (303m) with my son 🤣,,392,61,1777846978.0,0.82,False,i.redd.it
1t3k5wy,pics,"[OC] medellin, colombia.",,18,0,1777906697.0,0.91,False,reddit.com
1t3f673,pics,[OC] Reflection,,34,1,1777894831.0,0.93,False,i.redd.it
1t3u6lm,pics,[OC] Laundromat in Puerto Rico wants your business,,7,0,1777927582.0,0.76,False,i.redd.it
1t3rgno,pics,"[OC] Candles in Notre Dame, Paris",,6,1,1777921856.0,0.76,False,i.redd.it
1t3jvr3,pics,[OC}  6 AM sunrise - Guelph (near Toronto),,14,4,1777906080.0,0.9,False,i.redd.it
1t3y0a0,pics,OC A monk in Bangkok,,2,0,1777936357.0,0.57,False,i.redd.it
1t4hh6q,pics,This quarter gives me the creeps,,0,10,1777992108.0,0.47,False,reddit.com
1t3fnmo,pics,[OC] Food,,22,1,1777896149.0,0.77,False,i.redd.it
1t303eo,pics,"(OC) I just finished this 1980s stylized acrylic painting. As the sun sets, the city begins to glow.",,194,9,1777848573.0,0.88,False,reddit.com
1t3qk7q,pics,"[OC] Aussichtsturm Pressecker Knock, Germany",,4,0,1777919996.0,0.76,False,i.redd.it
1t3ibr9,pics,[OC] some pictures took in China with tamron 28-200mm,,13,4,1777902691.0,0.69,False,reddit.com
1t4k4lc,pics,[OC] Not even sure how this happened honestly,,0,28,1777997723.0,0.3,False,i.redd.it
1t391yu,pics,[OC] May the 4th be With You,,51,6,1777874138.0,0.85,False,i.redd.it
1t43gfq,pics,[OC] I offset part of the lattice I made looks like a ripple/wave where they collide,,0,0,1777950589.0,0.5,False,i.redd.it
1t4ekm0,pics,From my garden (OC),,0,14,1777985542.0,0.46,False,reddit.com
1t4e78x,pics,Charming Tiled Roof in Serbia [OC],,0,2,1777984623.0,0.31,False,i.redd.it
1t3nq3m,pics,Goslings,,5,2,1777914114.0,1.0,False,i.redd.it
1t3ixo6,pics,[OC] an add-on,,8,2,1777904044.0,0.83,False,i.redd.it
1t2bzr3,pics,Found in a washroom at the Palace of Versailles,,3587,62,1777784293.0,0.97,False,i.redd.it
1t40cas,pics,[OC] Spot of light with seemingly no source (2021),,2,4,1777942350.0,0.56,False,i.redd.it
1t3pwaf,pics,[OC] A quiet tea moment at home,,3,0,1777918606.0,0.71,False,i.redd.it
1t398jh,pics,"La Jolla, San Diego [OC]",,26,2,1777874742.0,0.9,False,i.redd.it
1t3pr8i,pics,Found star wars cup for star wars day,,3,3,1777918308.0,0.56,False,i.redd.it
1t3eddu,pics,OC a photo of the moon at 6:37 a.m.,,10,0,1777892495.0,0.78,False,i.redd.it
1t2y3zo,pics,[OC] Firgil the Gravedigger. My sculpture and illustration.,,120,3,1777843651.0,0.93,False,i.redd.it
1t2ljwu,pics,[OC] fully albino peacock I saw at the park today,,502,17,1777815062.0,0.99,False,i.redd.it
1t2td09,pics,"[oc] failed my exams years ago, but today i'm a proud dad of two teachers. life comes full circle.",,194,16,1777832927.0,0.84,False,i.redd.it
1t2srf4,pics,A Day with this Guy!,,208,2,1777831606.0,0.95,False,reddit.com
1t377x5,pics,[OC] Photoes clicked right after heavy rain...,,24,11,1777868246.0,0.64,False,reddit.com
1t2calx,pics,Bad look: 10+ policemen to protect a Cybertruck during May Day Protest,,1370,124,1777785249.0,0.9,False,i.redd.it
1t3yzan,pics,[OC] Evening shadows,,0,0,1777938818.0,0.25,False,reddit.com
1t4d2tj,pics,Folded pizza triangle from the oven,,0,3,1777981675.0,0.21,False,i.redd.it
1t1xlvs,pics,"[OC] At Starbucks, bite size sandwiches at full size cost.",,10195,1070,1777746277.0,0.94,False,i.imgur.com
1t2xn0v,pics,Double rainbow as seen from in front of my house.,,61,4,1777842540.0,0.91,False,i.redd.it
1t34yrk,pics,"[OC] Infrared bushes over my garden shed, 720nm",,22,2,1777861685.0,0.86,False,i.redd.it
1t2swrw,pics,Poster in Tehran dissuading Iranians from connecting to the outside world,,102,69,1777831936.0,0.79,False,i.redd.it
1t3rm1t,pics,{OC} I really love cooking potatoes ✨,,0,12,1777922167.0,0.49,False,reddit.com
1t2sp9g,pics,[OC] Wasp Focus Stacking Practice Photos on Om1 Mk2.,,88,3,1777831474.0,0.93,False,reddit.com
1t2htku,pics,[OC] A picture I did using charcoal and pastels inspired by Watership Down. Before the journey.,,338,11,1777804182.0,0.97,False,i.redd.it
1t38mjl,pics,[OC]Peaceful picture of Baku boulevard,,9,3,1777872715.0,0.71,False,i.redd.it
1t35j1w,pics,[OC] baby garden snake,,12,3,1777863253.0,0.71,False,reddit.com
1t22ox5,pics,"(OC) Petunia the dove, made a nest, hung out for a few days, laid some eggs, and then just left them",,2482,82,1777758114.0,0.98,False,reddit.com
1t3lvjt,pics,[OC] Speedway at the University of Texas at Austin,,0,0,1777910302.0,0.46,False,reddit.com
1t2s9ga,pics,[OC] My great white shark painting,,52,3,1777830516.0,0.84,False,i.redd.it
1t2x2bq,pics,Gibbs Gardens (OC),,30,0,1777841201.0,0.86,False,i.redd.it
1t3cfow,pics,[OC] Dramatic beach scenery,,3,1,1777886124.0,0.62,False,i.redd.it
1t2a2rg,pics,[OC] An Australian $2 coin dedicated to the Honey Bee,,628,20,1777778326.0,0.99,False,reddit.com
1t1smdn,pics,[OC] Pouring one out for my homies in yellow,,5424,121,1777734894.0,0.98,False,i.redd.it
1t3hxqa,pics,New York Hands: Norita Medium Format Camera.,,0,6,1777901774.0,0.5,False,i.redd.it
1t3474r,pics,Creo que es la mejor foto de una playa que he tomado.[OC],,8,0,1777859573.0,0.83,False,i.redd.it
1t2205v,pics,"[OC] Fuel prices in Reno, NV",,1568,155,1777756444.0,0.95,False,i.redd.it
1t3188x,pics,[OC] Full Bloom!,,13,4,1777851554.0,0.78,False,i.redd.it
1t2plpp,pics,Ogre (Latvia) [OC],,41,4,1777824579.0,0.85,False,reddit.com
1t2j9cd,pics,"[OC] Windswept at Sunset Beach, Cape Town.",,98,6,1777808814.0,0.92,False,i.redd.it
1t2p7g0,pics,"Brixton, London - Autumn 2025 [OC]",,45,0,1777823676.0,0.9,False,i.redd.it
1t2zefs,pics,(OC) Alligator very close to my car. Located in Opopka Wildlife Trail.,,13,6,1777846812.0,0.65,False,i.redd.it
1t213el,pics,(OC) Paramus NJ May 1st,,1446,14,1777754271.0,0.98,False,i.redd.it
1t2zps4,pics,First hike of the season,,12,1,1777847611.0,0.78,False,i.redd.it
1t1u341,pics,Test photo of my wife turned out better than the entire family shoot...,,2950,62,1777738275.0,0.98,False,i.redd.it
1t3arh4,pics,first post here :) windowsill [OC],,2,0,1777880109.0,0.58,False,i.redd.it
1t3513r,pics,Passed a graveyard today,,4,10,1777861855.0,0.55,False,i.redd.it
1t3stsj,pics,When worlds collide…,,0,6,1777924728.0,0.41,False,i.redd.it
1t411fx,pics,[OC] The Recession (2026 Remaster),,0,6,1777944195.0,0.28,False,i.redd.it
1t2lkf2,pics,Ink wash painting of orchid,,51,1,1777815098.0,0.85,False,reddit.com
1t2tkue,pics,"Sunny day at Grand Place, Brussels, Belgium 🇧🇪[OC]",,23,0,1777833403.0,0.89,False,reddit.com
1t2waan,pics,"[OC] Goodbye Spirit! Goodyear Airport, Arizona",,12,2,1777839424.0,0.72,False,i.redd.it
1t2ty0b,pics,"[OC] Sunset on Mt. Rubidoux, CA",,18,0,1777834225.0,0.79,False,i.redd.it
1t2q5c0,pics,[OC] This MASSIVE fort of a pigeons from my barn with banana for scale!,,29,3,1777825813.0,0.78,False,i.redd.it
1t2soom,pics,[OC] Detroit Skyline silhouette,,19,0,1777831437.0,0.86,False,i.redd.it
1t2fg3u,pics,[OC] Stolen Car dumped and burned just over my backyard fence,,119,17,1777795821.0,0.96,False,i.redd.it
1t2xvjs,pics,[OC] 360 Degree View of New York City from the Empire State Building | 6 January 2011 | [12850x1500],,12,2,1777843093.0,0.78,False,i.redd.it
1t2slb9,pics,Somewhere at Sea! A ship caught at Sunset.,,19,0,1777831244.0,0.85,False,i.redd.it
1t3xwax,pics,Excavator operator who just got told he won the lottery! [OC],,0,5,1777936070.0,0.3,False,i.redd.it
1t31jlf,pics,[OC] 10 years of dust on a LEGO piece,,7,6,1777852413.0,0.57,False,i.redd.it
1t2zbcx,pics,"Just a day at the beach. Glace Bay, Nova Scotia",,9,1,1777846605.0,0.8,False,i.redd.it
1t2ny9l,pics,"Sunrise over Butte Lake, Lassen National Park, June 2025",,30,3,1777820820.0,0.86,False,i.redd.it
1t325z5,pics,Rainy night blacktop,,6,0,1777854066.0,0.71,False,i.redd.it
1t2rfqc,pics,Observation Point at Sunset - Zion NP,,16,0,1777828691.0,0.77,False,i.redd.it
1t2rdgz,pics,Bubble guy at Seaside Oregon [OC],,20,5,1777828548.0,0.84,False,reddit.com
1t1hoxr,pics,Got to photograph the incredible Rhea Seehorn at the Empire State Building today! [OC],,16448,517,1777702223.0,0.92,False,reddit.com
1t1xcg0,pics,"Marilyn Monroe hosting 100,000 American troops in Korea, 1954",,1206,38,1777745673.0,0.81,False,i.redd.it
1t2qilv,pics,Finding beauty in the quiet corners of the world.,,18,0,1777826640.0,0.82,False,i.redd.it
1t2lx9z,pics,"Cold Spring Morning, Pine Cobble, Western Massachusetts",,26,0,1777815999.0,0.88,False,i.redd.it
1t2ooz3,pics,"Two monkeys near Mount Popa, Myanmar. [OC]",,19,3,1777822501.0,0.8,False,i.redd.it
1t2s7zx,pics,California Surfer [oc],,13,0,1777830424.0,0.77,False,i.redd.it
1t2uh9d,pics,OC Dragon Fly,,9,0,1777835368.0,0.77,False,i.redd.it
1t2pwwk,pics,[OC] Twilight Serenity in an Indian Hamlet,,15,0,1777825285.0,0.81,False,i.redd.it
1t3a09r,pics,[OC] lake view,,0,1,1777877432.0,0.4,False,i.redd.it
1t2q0ck,pics,[OC] Drawing I made on and off for 7 months while struggling with physical and mental health issues.,,14,2,1777825502.0,0.79,False,reddit.com
1t2svay,pics,[OC] Grey-Crowned Crane,,10,0,1777831844.0,0.82,False,i.redd.it
1t2sv31,pics,IC5070 Pelican Nebula under 100% Moon,,9,0,1777831829.0,0.77,False,i.redd.it
1t2vy1b,pics,[OC] Another gorgeous day in New York City..,,7,1,1777838649.0,0.71,False,i.redd.it
1t2n32j,pics,Nature calmness .,,16,0,1777818818.0,0.84,False,i.redd.it
1t24wch,pics,"[OC] For our anniversary this year, my husband and I went to Machu Picchu",,285,4,1777763764.0,0.99,False,i.redd.it
1t3lunl,pics,[OC] Red Mccombs school of business,,0,2,1777910247.0,0.31,False,i.redd.it
1t2tupc,pics,[OC] My cats checking out their new cat tree,,7,0,1777834022.0,0.74,False,reddit.com
1t2cqik,pics,"[OC] Mountain view from Kathmandu, Nepal",,78,4,1777786705.0,0.96,False,i.redd.it
1t2sj8l,pics,[OC] This sphinx moth i just took a pic of.,,8,2,1777831126.0,0.79,False,i.redd.it
1t1cobf,pics,15 Years Ago Today: Obama sat in the Situation Room to watch the killing of Osama bin Laden.,,17119,714,1777686999.0,0.96,False,i.redd.it
1t2lqr6,pics,Asakusa Streets At Night,,17,0,1777815541.0,0.84,False,i.redd.it
1t1ydlf,pics,I saw this cow this morning. It wanted to eat me.,,522,34,1777748016.0,0.93,False,reddit.com
1t2lyn3,pics,(OC) Gulls have a mid-air scramble,,16,1,1777816098.0,0.84,False,i.redd.it
1t25icz,pics,"I don’t care how organic it is, I’m not spreading Bob Seaman on toast.",,211,50,1777765437.0,0.81,False,i.redd.it
1t2sgeg,pics,[OC] Mallard in Guelph (near toronto),,6,1,1777830947.0,0.62,False,i.redd.it
1t1dpjr,pics,"This afternoon’s May Day protest in Downtown LA, at the ICE Detention Center [OC]",,10967,706,1777689941.0,0.97,False,reddit.com
1t28b0t,pics,OC: Turtles at sunset,,130,1,1777773250.0,0.98,False,i.redd.it
