subreddit,title,selftext,score,created_utc,num_comments
technology,The future of AI is here,AI is changing everything we know about technology.,1500,1678886400,250
python,How to learn Python in 2025,Just start building projects!,800,1678890000,120
datascience,Data Science vs Machine Learning,What is the real difference?,1200,1678893600,180
technology,New battery tech revealed,Could this change EVs forever?,2000,1678897200,300
python,My first Python script,I printed Hello World!,50,1678900800,10
datascience,Best resources for NLP,Looking for good books or courses.,300,1678904400,45
technology,SpaceX launches new rocket,Another successful landing.,5000,1678908000,800
python,Pandas vs Polars,Which one is faster?,600,1678911600,90
datascience,Understanding Neural Networks,A deep dive into backpropagation.,900,1678915200,150
technology,Quantum Computing breakthrough,Google claims quantum supremacy again.,3500,1678918800,500
